,ds,trend,yhat_lower,yhat_upper,trend_lower,trend_upper,additive_terms,additive_terms_lower,additive_terms_upper,yearly,yearly_lower,yearly_upper,multiplicative_terms,multiplicative_terms_lower,multiplicative_terms_upper,yhat
0,2002-08-01,27.826142566178568,27.031837270940866,28.514989275500273,27.826142566178568,27.826142566178568,-0.06168302743458466,-0.06168302743458466,-0.06168302743458466,-0.06168302743458466,-0.06168302743458466,-0.06168302743458466,0.0,0.0,0.0,27.764459538743985
1,2002-09-01,27.82690852344409,27.15408486016041,28.58602053487332,27.82690852344409,27.82690852344409,0.016942556352178006,0.016942556352178006,0.016942556352178006,0.016942556352178006,0.016942556352178006,0.016942556352178006,0.0,0.0,0.0,27.843851079796266
2,2002-12-01,27.829156978642878,25.997907427807572,27.412650048673353,27.829156978642878,27.829156978642878,-1.1030909639667168,-1.1030909639667168,-1.1030909639667168,-1.1030909639667168,-1.1030909639667168,-1.1030909639667168,0.0,0.0,0.0,26.72606601467616
3,2003-01-01,27.8299229359084,25.44828663032751,26.92019225456478,27.8299229359084,27.8299229359084,-1.6423263076594594,-1.6423263076594594,-1.6423263076594594,-1.6423263076594594,-1.6423263076594594,-1.6423263076594594,0.0,0.0,0.0,26.18759662824894
4,2003-02-01,27.830688893173917,25.732478380717797,27.25181013736012,27.830688893173917,27.830688893173917,-1.3014786525482323,-1.3014786525482323,-1.3014786525482323,-1.3014786525482323,-1.3014786525482323,-1.3014786525482323,0.0,0.0,0.0,26.529210240625684
5,2003-04-01,27.832146682808297,28.61675818653904,30.106094015007162,27.832146682808297,27.832146682808297,1.5696173470394372,1.5696173470394372,1.5696173470394372,1.5696173470394372,1.5696173470394372,1.5696173470394372,0.0,0.0,0.0,29.401764029847733
6,2003-05-01,27.832887931774927,29.018217809009446,30.447414218013474,27.832887931774927,27.832887931774927,1.9333150908936325,1.9333150908936325,1.9333150908936325,1.9333150908936325,1.9333150908936325,1.9333150908936325,0.0,0.0,0.0,29.76620302266856
7,2003-06-01,27.833653889386376,28.13911193500076,29.638782661729383,27.833653889386376,27.833653889386376,1.1080649892368237,1.1080649892368237,1.1080649892368237,1.1080649892368237,1.1080649892368237,1.1080649892368237,0.0,0.0,0.0,28.9417188786232
8,2003-07-01,27.834395138687775,27.31449305784016,28.794775563888273,27.834395138687775,27.834395138687775,0.21064276568034326,0.21064276568034326,0.21064276568034326,0.21064276568034326,0.21064276568034326,0.21064276568034326,0.0,0.0,0.0,28.04503790436812
9,2003-08-01,27.835161096299224,26.930989847893507,28.429266818156567,27.835161096299224,27.835161096299224,-0.16195002284182722,-0.16195002284182722,-0.16195002284182722,-0.16195002284182722,-0.16195002284182722,-0.16195002284182722,0.0,0.0,0.0,27.673211073457395
10,2003-09-01,27.83592705391067,27.08101542664161,28.49619490110198,27.83592705391067,27.83592705391067,-0.018957208622638715,-0.018957208622638715,-0.018957208622638715,-0.018957208622638715,-0.018957208622638715,-0.018957208622638715,0.0,0.0,0.0,27.816969845288032
11,2003-10-01,27.836668303212072,27.13853079952392,28.588844414391815,27.836668303212072,27.836668303212072,0.054291423571158175,0.054291423571158175,0.054291423571158175,0.054291423571158175,0.054291423571158175,0.054291423571158175,0.0,0.0,0.0,27.89095972678323
12,2003-11-01,27.837434260823517,26.85440160689463,28.357298750205814,27.837434260823517,27.837434260823517,-0.2649820199237587,-0.2649820199237587,-0.2649820199237587,-0.2649820199237587,-0.2649820199237587,-0.2649820199237587,0.0,0.0,0.0,27.572452240899757
13,2003-12-01,27.838175509965268,25.93120731805404,27.441540062666537,27.838175509965268,27.838175509965268,-1.1485505467796708,-1.1485505467796708,-1.1485505467796708,-1.1485505467796708,-1.1485505467796708,-1.1485505467796708,0.0,0.0,0.0,26.689624963185597
14,2004-01-01,27.83894146741174,25.63459774927773,27.08385929731394,27.83894146741174,27.83894146741174,-1.458432014778689,-1.458432014778689,-1.458432014778689,-1.458432014778689,-1.458432014778689,-1.458432014778689,0.0,0.0,0.0,26.38050945263305
15,2004-02-01,27.839707424858215,25.710377376955766,27.198342263392544,27.839707424858215,27.839707424858215,-1.4316631728538205,-1.4316631728538205,-1.4316631728538205,-1.4316631728538205,-1.4316631728538205,-1.4316631728538205,0.0,0.0,0.0,26.408044252004395
16,2004-03-01,27.84042396569524,27.263734301863938,28.70460352143452,27.84042396569524,27.84042396569524,0.14600990859902702,0.14600990859902702,0.14600990859902702,0.14600990859902702,0.14600990859902702,0.14600990859902702,0.0,0.0,0.0,27.986433874294267
17,2004-04-01,27.841189923141716,28.739849944198046,30.182603991825086,27.841189923141716,27.841189923141716,1.6222277660320428,1.6222277660320428,1.6222277660320428,1.6222277660320428,1.6222277660320428,1.6222277660320428,0.0,0.0,0.0,29.46341768917376
18,2004-05-01,27.841931172283463,28.892248396348517,30.386590502197997,27.841931172283463,27.841931172283463,1.7917274033817858,1.7917274033817858,1.7917274033817858,1.7917274033817858,1.7917274033817858,1.7917274033817858,0.0,0.0,0.0,29.633658575665248
19,2004-06-01,27.84269712859689,28.06069974353631,29.57087995408896,27.84269712859689,27.84269712859689,0.9566696650131039,0.9566696650131039,0.9566696650131039,0.9566696650131039,0.9566696650131039,0.9566696650131039,0.0,0.0,0.0,28.79936679360999
20,2004-07-01,27.843438376642144,27.238495513179895,28.671428683575876,27.843438376642144,27.843438376642144,0.1240015861513796,0.1240015861513796,0.1240015861513796,0.1240015861513796,0.1240015861513796,0.1240015861513796,0.0,0.0,0.0,27.967439962793524
21,2004-08-01,27.844204332955574,27.255960432086326,28.672216410564157,27.844204332955574,27.844204332955574,0.13649022217607826,0.13649022217607826,0.13649022217607826,0.13649022217607826,0.13649022217607826,0.13649022217607826,0.0,0.0,0.0,27.980694555131652
22,2004-09-01,27.844970289269,27.1777600745096,28.736300168270816,27.844970289269,27.844970289269,0.09593378009539538,0.09593378009539538,0.09593378009539538,0.09593378009539538,0.09593378009539538,0.09593378009539538,0.0,0.0,0.0,27.940904069364397
23,2004-10-01,27.845711537314255,26.88442232849306,28.363261841764192,27.845711537314255,27.845711537314255,-0.2540404444912758,-0.2540404444912758,-0.2540404444912758,-0.2540404444912758,-0.2540404444912758,-0.2540404444912758,0.0,0.0,0.0,27.591671092822978
24,2004-11-01,27.84647749362768,26.96182922901172,28.47112661883131,27.84647749362768,27.84647749362768,-0.15771005238810148,-0.15771005238810148,-0.15771005238810148,-0.15771005238810148,-0.15771005238810148,-0.15771005238810148,0.0,0.0,0.0,27.68876744123958
25,2004-12-01,27.84721874191219,26.12632665747317,27.601122465619113,27.84721874191219,27.84721874191219,-1.005660312123065,-1.005660312123065,-1.005660312123065,-1.005660312123065,-1.005660312123065,-1.005660312123065,0.0,0.0,0.0,26.841558429789124
26,2005-01-01,27.847984698472853,25.147179997136863,26.592670188943966,27.847984698472853,27.847984698472853,-2.0132415868660387,-2.0132415868660387,-2.0132415868660387,-2.0132415868660387,-2.0132415868660387,-2.0132415868660387,0.0,0.0,0.0,25.834743111606816
27,2005-02-01,27.848750655033513,25.996432763984874,27.525616937219866,27.848750655033513,27.848750655033513,-1.049381810272657,-1.049381810272657,-1.049381810272657,-1.049381810272657,-1.049381810272657,-1.049381810272657,0.0,0.0,0.0,26.799368844760856
28,2005-03-01,27.84944248676572,27.225575887816138,28.76907241537913,27.84944248676572,27.84944248676572,0.11293211712993911,0.11293211712993911,0.11293211712993911,0.11293211712993911,0.11293211712993911,0.11293211712993911,0.0,0.0,0.0,27.96237460389566
29,2005-04-01,27.85020844332638,28.686943688125293,30.185981364057014,27.85020844332638,27.85020844332638,1.6032339811611866,1.6032339811611866,1.6032339811611866,1.6032339811611866,1.6032339811611866,1.6032339811611866,0.0,0.0,0.0,29.453442424487566
30,2005-05-01,27.85094969161089,28.954775306971616,30.41563391841742,27.85094969161089,27.85094969161089,1.8380885562990779,1.8380885562990779,1.8380885562990779,1.8380885562990779,1.8380885562990779,1.8380885562990779,0.0,0.0,0.0,29.689038247909966
31,2005-06-01,27.851715648661433,28.125419760690907,29.68617430325542,27.851715648661433,27.851715648661433,1.0077448292351454,1.0077448292351454,1.0077448292351454,1.0077448292351454,1.0077448292351454,1.0077448292351454,0.0,0.0,0.0,28.85946047789658
32,2005-07-01,27.85245689742002,27.299639008439502,28.764646622024184,27.85245689742002,27.85245689742002,0.15513382436182863,0.15513382436182863,0.15513382436182863,0.15513382436182863,0.15513382436182863,0.15513382436182863,0.0,0.0,0.0,28.00759072178185
33,2005-08-01,27.853222854470562,27.117895420360554,28.630053297394184,27.853222854470562,27.853222854470562,0.03783712713017625,0.03783712713017625,0.03783712713017625,0.03783712713017625,0.03783712713017625,0.03783712713017625,0.0,0.0,0.0,27.891059981600737
34,2005-09-01,27.853988811521102,27.168232190930837,28.68732621626019,27.853988811521102,27.853988811521102,0.05525648559962586,0.05525648559962586,0.05525648559962586,0.05525648559962586,0.05525648559962586,0.05525648559962586,0.0,0.0,0.0,27.909245297120727
35,2005-10-01,27.854730060279692,26.91701652667539,28.468962115359126,27.854730060279692,27.854730060279692,-0.15161982651885184,-0.15161982651885184,-0.15161982651885184,-0.15161982651885184,-0.15161982651885184,-0.15161982651885184,0.0,0.0,0.0,27.70311023376084
36,2005-11-01,27.855496017330232,26.954855636311084,28.369372967171984,27.855496017330232,27.855496017330232,-0.19209762686613055,-0.19209762686613055,-0.19209762686613055,-0.19209762686613055,-0.19209762686613055,-0.19209762686613055,0.0,0.0,0.0,27.663398390464103
37,2005-12-01,27.85623726821265,26.040556968305985,27.51162928369525,27.85623726821265,27.85623726821265,-1.055453917502469,-1.055453917502469,-1.055453917502469,-1.055453917502469,-1.055453917502469,-1.055453917502469,0.0,0.0,0.0,26.80078335071018
38,2006-01-01,27.857003227457813,25.258768154036428,26.73755620861243,27.857003227457813,27.857003227457813,-1.82731759250711,-1.82731759250711,-1.82731759250711,-1.82731759250711,-1.82731759250711,-1.82731759250711,0.0,0.0,0.0,26.029685634950702
39,2006-02-01,27.857769186702978,25.935712603455126,27.44480543553259,27.857769186702978,27.857769186702978,-1.1740192631716058,-1.1740192631716058,-1.1740192631716058,-1.1740192631716058,-1.1740192631716058,-1.1740192631716058,0.0,0.0,0.0,26.683749923531373
40,2006-03-01,27.8584610208599,27.218169020853786,28.68162482062986,27.8584610208599,27.8584610208599,0.08120394593352505,0.08120394593352505,0.08120394593352505,0.08120394593352505,0.08120394593352505,0.08120394593352505,0.0,0.0,0.0,27.939664966793423
41,2006-04-01,27.859226980105063,28.700547566880896,30.13066204950954,27.859226980105063,27.859226980105063,1.5856943547710116,1.5856943547710116,1.5856943547710116,1.5856943547710116,1.5856943547710116,1.5856943547710116,0.0,0.0,0.0,29.444921334876074
42,2006-05-01,27.85996823098748,28.986260590939587,30.51841655579615,27.85996823098748,27.85996823098748,1.8853068570824072,1.8853068570824072,1.8853068570824072,1.8853068570824072,1.8853068570824072,1.8853068570824072,0.0,0.0,0.0,29.74527508806989
43,2006-06-01,27.86073418956975,28.20073186568014,29.696143631267184,27.86073418956975,27.86073418956975,1.0582341114121407,1.0582341114121407,1.0582341114121407,1.0582341114121407,1.0582341114121407,1.0582341114121407,0.0,0.0,0.0,28.91896830098189
44,2006-07-01,27.86147543981066,27.322516933205346,28.789953398259883,27.86147543981066,27.86147543981066,0.1840175370635318,0.1840175370635318,0.1840175370635318,0.1840175370635318,0.1840175370635318,0.1840175370635318,0.0,0.0,0.0,28.045492976874193
45,2006-08-01,27.862241398392936,27.064313379195784,28.515871423251056,27.862241398392936,27.862241398392936,-0.061683027434847056,-0.061683027434847056,-0.061683027434847056,-0.061683027434847056,-0.061683027434847056,-0.061683027434847056,0.0,0.0,0.0,27.80055837095809
46,2006-09-01,27.86300735697521,27.189542328650216,28.66163061192425,27.86300735697521,27.86300735697521,0.016942556352202903,0.016942556352202903,0.016942556352202903,0.016942556352202903,0.016942556352202903,0.016942556352202903,0.0,0.0,0.0,27.879949913327412
47,2006-10-01,27.86374860721612,27.095586744416035,28.550471141903017,27.86374860721612,27.86374860721612,-0.048810339227454994,-0.048810339227454994,-0.048810339227454994,-0.048810339227454994,-0.048810339227454994,-0.048810339227454994,0.0,0.0,0.0,27.814938267988666
48,2006-11-01,27.864514565798395,26.85919543859703,28.336515375181797,27.864514565798395,27.864514565798395,-0.22786427371819556,-0.22786427371819556,-0.22786427371819556,-0.22786427371819556,-0.22786427371819556,-0.22786427371819556,0.0,0.0,0.0,27.636650292080198
49,2006-12-01,27.865255815903875,26.03268144146019,27.528398221953033,27.865255815903875,27.865255815903875,-1.103090963967119,-1.103090963967119,-1.103090963967119,-1.103090963967119,-1.103090963967119,-1.103090963967119,0.0,0.0,0.0,26.762164851936756
50,2007-01-01,27.86602177434621,25.473227470993102,26.954517210060985,27.86602177434621,27.86602177434621,-1.642326307658312,-1.642326307658312,-1.642326307658312,-1.642326307658312,-1.642326307658312,-1.642326307658312,0.0,0.0,0.0,26.223695466687897
51,2007-02-01,27.86678773278854,25.82654896344637,27.296223179933367,27.86678773278854,27.86678773278854,-1.3014786525497262,-1.3014786525497262,-1.3014786525497262,-1.3014786525497262,-1.3014786525497262,-1.3014786525497262,0.0,0.0,0.0,26.565309080238816
52,2007-03-01,27.867479566220325,27.2134014497968,28.611879462145247,27.867479566220325,27.867479566220325,0.05088162609422935,0.05088162609422935,0.05088162609422935,0.05088162609422935,0.05088162609422935,0.05088162609422935,0.0,0.0,0.0,27.918361192314556
53,2007-04-01,27.868245524662655,28.69439349788749,30.172140790092644,27.868245524662655,27.868245524662655,1.5696173470394466,1.5696173470394466,1.5696173470394466,1.5696173470394466,1.5696173470394466,1.5696173470394466,0.0,0.0,0.0,29.4378628717021
54,2007-05-01,27.86898677476814,29.071686352260087,30.57561886193313,27.86898677476814,27.86898677476814,1.9333150908937833,1.9333150908937833,1.9333150908937833,1.9333150908937833,1.9333150908937833,1.9333150908937833,0.0,0.0,0.0,29.80230186566192
55,2007-06-01,27.869752733191042,28.21329627496907,29.676945242839356,27.869752733191042,27.869752733191042,1.1080649892372105,1.1080649892372105,1.1080649892372105,1.1080649892372105,1.1080649892372105,1.1080649892372105,0.0,0.0,0.0,28.977817722428252
56,2007-07-01,27.870493983277722,27.331825950804234,28.769820848639643,27.870493983277722,27.870493983277722,0.21064276568145107,0.21064276568145107,0.21064276568145107,0.21064276568145107,0.21064276568145107,0.21064276568145107,0.0,0.0,0.0,28.081136748959175
57,2007-08-01,27.87125994170062,26.999772332884014,28.45277105192028,27.87125994170062,27.87125994170062,-0.16195002284301624,-0.16195002284301624,-0.16195002284301624,-0.16195002284301624,-0.16195002284301624,-0.16195002284301624,0.0,0.0,0.0,27.709309918857606
58,2007-09-01,27.872025900123525,27.11738693691153,28.624102653137328,27.872025900123525,27.872025900123525,-0.018957208623430432,-0.018957208623430432,-0.018957208623430432,-0.018957208623430432,-0.018957208623430432,-0.018957208623430432,0.0,0.0,0.0,27.853068691500095
59,2007-10-01,27.872767150210205,27.199715887534076,28.6615545107937,27.872767150210205,27.872767150210205,0.05429142357258303,0.05429142357258303,0.05429142357258303,0.05429142357258303,0.05429142357258303,0.05429142357258303,0.0,0.0,0.0,27.927058573782787
60,2007-11-01,27.873533108633108,26.866605713062995,28.352754810825,27.873533108633108,27.873533108633108,-0.2649820199243493,-0.2649820199243493,-0.2649820199243493,-0.2649820199243493,-0.2649820199243493,-0.2649820199243493,0.0,0.0,0.0,27.608551088708758
61,2007-12-01,27.874274358685888,25.98156628937472,27.4437216109613,27.874274358685888,27.874274358685888,-1.1485505467798582,-1.1485505467798582,-1.1485505467798582,-1.1485505467798582,-1.1485505467798582,-1.1485505467798582,0.0,0.0,0.0,26.72572381190603
62,2008-01-01,27.875040317073765,25.693747988306054,27.135452464046168,27.875040317073765,27.875040317073765,-1.458432014777561,-1.458432014777561,-1.458432014777561,-1.458432014777561,-1.458432014777561,-1.458432014777561,0.0,0.0,0.0,26.416608302296204
63,2008-02-01,27.87580627546164,25.693113514651074,27.208159631887867,27.87580627546164,27.87580627546164,-1.4316631728529403,-1.4316631728529403,-1.4316631728529403,-1.4316631728529403,-1.4316631728529403,-1.4316631728529403,0.0,0.0,0.0,26.4441431026087
64,2008-03-01,27.87652281717933,27.301119515818613,28.80336624577497,27.87652281717933,27.87652281717933,0.14600990859891008,0.14600990859891008,0.14600990859891008,0.14600990859891008,0.14600990859891008,0.14600990859891008,0.0,0.0,0.0,28.022532725778238
65,2008-04-01,27.8772887755672,28.748701698059573,30.220692207586264,27.8772887755672,27.8772887755672,1.6222277660326798,1.6222277660326798,1.6222277660326798,1.6222277660326798,1.6222277660326798,1.6222277660326798,0.0,0.0,0.0,29.49951654159988
66,2008-05-01,27.878030025619985,28.973910940286412,30.334721892812542,27.878030025619985,27.878030025619985,1.7917274033818196,1.7917274033818196,1.7917274033818196,1.7917274033818196,1.7917274033818196,1.7917274033818196,0.0,0.0,0.0,29.669757429001805
67,2008-06-01,27.87879614803174,28.06701839343691,29.539352553154984,27.87879614803174,27.87879614803174,0.9566696650132273,0.9566696650132273,0.9566696650132273,0.9566696650132273,0.9566696650132273,0.9566696650132273,0.0,0.0,0.0,28.835465813044966
68,2008-07-01,27.879537556817315,27.30057955345602,28.7071753148037,27.879537556817315,27.879537556817315,0.12400158615197128,0.12400158615197128,0.12400158615197128,0.12400158615197128,0.12400158615197128,0.12400158615197128,0.0,0.0,0.0,28.003539142969288
69,2008-08-01,27.880303679229073,27.268608681619433,28.748429274865106,27.880303679229073,27.880303679229073,0.1364902221758637,0.1364902221758637,0.1364902221758637,0.1364902221758637,0.1364902221758637,0.1364902221758637,0.0,0.0,0.0,28.016793901404938
70,2008-09-01,27.88106980164083,27.245327086002142,28.64468857535667,27.88106980164083,27.88106980164083,0.09593378009579655,0.09593378009579655,0.09593378009579655,0.09593378009579655,0.09593378009579655,0.09593378009579655,0.0,0.0,0.0,27.97700358173663
71,2008-10-01,27.881811210426402,26.866070223206517,28.35004941060588,27.881811210426402,27.881811210426402,-0.2540404444914305,-0.2540404444914305,-0.2540404444914305,-0.2540404444914305,-0.2540404444914305,-0.2540404444914305,0.0,0.0,0.0,27.627770765934972
72,2008-11-01,27.88257733283816,27.008158095583628,28.456511538072654,27.88257733283816,27.88257733283816,-0.15771005238763264,-0.15771005238763264,-0.15771005238763264,-0.15771005238763264,-0.15771005238763264,-0.15771005238763264,0.0,0.0,0.0,27.72486728045053
73,2008-12-01,27.883318742814705,26.104062098728107,27.614458249967825,27.883318742814705,27.883318742814705,-1.0056603121228096,-1.0056603121228096,-1.0056603121228096,-1.0056603121228096,-1.0056603121228096,-1.0056603121228096,0.0,0.0,0.0,26.877658430691895
74,2009-01-01,27.884084866457133,25.121097616539394,26.552907686916345,27.884084866457133,27.884084866457133,-2.013241586866334,-2.013241586866334,-2.013241586866334,-2.013241586866334,-2.013241586866334,-2.013241586866334,0.0,0.0,0.0,25.8708432795908
75,2009-02-01,27.88485099009956,26.18654692945436,27.540040457742062,27.88485099009956,27.88485099009956,-1.0493818102727168,-1.0493818102727168,-1.0493818102727168,-1.0493818102727168,-1.0493818102727168,-1.0493818102727168,0.0,0.0,0.0,26.835469179826845
76,2009-03-01,27.88554297274434,27.24303953135899,28.7266698425651,27.88554297274434,27.88554297274434,0.11293211712963411,0.11293211712963411,0.11293211712963411,0.11293211712963411,0.11293211712963411,0.11293211712963411,0.0,0.0,0.0,27.998475089873974
77,2009-04-01,27.886309096386764,28.755359332903687,30.236292294693442,27.886309096386764,27.886309096386764,1.6032339811611407,1.6032339811611407,1.6032339811611407,1.6032339811611407,1.6032339811611407,1.6032339811611407,0.0,0.0,0.0,29.489543077547903
78,2009-05-01,27.8870505086168,28.995005347193043,30.49043369417954,27.8870505086168,27.8870505086168,1.8380885562994007,1.8380885562994007,1.8380885562994007,1.8380885562994007,1.8380885562994007,1.8380885562994007,0.0,0.0,0.0,29.7251390649162
79,2009-06-01,27.887816634587832,28.146059847810026,29.639155084197196,27.887816634587832,27.887816634587832,1.0077448292352218,1.0077448292352218,1.0077448292352218,1.0077448292352218,1.0077448292352218,1.0077448292352218,0.0,0.0,0.0,28.895561463823054
80,2009-07-01,27.888558046817867,27.291384516193705,28.739133170277,27.888558046817867,27.888558046817867,0.15513382436269826,0.15513382436269826,0.15513382436269826,0.15513382436269826,0.15513382436269826,0.15513382436269826,0.0,0.0,0.0,28.043691871180563
81,2009-08-01,27.889324172788903,27.18429571767784,28.63978695037622,27.889324172788903,27.889324172788903,0.03783712712996937,0.03783712712996937,0.03783712712996937,0.03783712712996937,0.03783712712996937,0.03783712712996937,0.0,0.0,0.0,27.927161299918872
82,2009-09-01,27.890090298759937,27.155305926479283,28.688717694870423,27.890090298759937,27.890090298759937,0.0552564855997065,0.0552564855997065,0.0552564855997065,0.0552564855997065,0.0552564855997065,0.0552564855997065,0.0,0.0,0.0,27.945346784359643
83,2009-10-01,27.89083171098997,27.041211716906048,28.491538690973947,27.89083171098997,27.89083171098997,-0.15161982651838068,-0.15161982651838068,-0.15161982651838068,-0.15161982651838068,-0.15161982651838068,-0.15161982651838068,0.0,0.0,0.0,27.73921188447159
84,2009-11-01,27.89159833464202,26.924299671348464,28.4155993419367,27.89159833464202,27.89159833464202,-0.19209762686593168,-0.19209762686593168,-0.19209762686593168,-0.19209762686593168,-0.19209762686593168,-0.19209762686593168,0.0,0.0,0.0,27.69950070777609
85,2009-12-01,27.89234022849884,26.073839230110785,27.533674860248656,27.89234022849884,27.89234022849884,-1.0554539175024693,-1.0554539175024693,-1.0554539175024693,-1.0554539175024693,-1.0554539175024693,-1.0554539175024693,0.0,0.0,0.0,26.83688631099637
86,2010-01-01,27.893106852150886,25.302279184298193,26.809753901372712,27.893106852150886,27.893106852150886,-1.8273175925071883,-1.8273175925071883,-1.8273175925071883,-1.8273175925071883,-1.8273175925071883,-1.8273175925071883,0.0,0.0,0.0,26.065789259643697
87,2010-02-01,27.893873475802934,25.93707044788268,27.435085718238884,27.893873475802934,27.893873475802934,-1.174019263171627,-1.174019263171627,-1.174019263171627,-1.174019263171627,-1.174019263171627,-1.174019263171627,0.0,0.0,0.0,26.719854212631308
88,2010-03-01,27.894565910069296,27.24384465935724,28.689981538319763,27.894565910069296,27.894565910069296,0.08120394593347834,0.08120394593347834,0.08120394593347834,0.08120394593347834,0.08120394593347834,0.08120394593347834,0.0,0.0,0.0,27.975769856002774
89,2010-04-01,27.895332533721344,28.678597044391275,30.13527620015642,27.895332533721344,27.895332533721344,1.5856943547715967,1.5856943547715967,1.5856943547715967,1.5856943547715967,1.5856943547715967,1.5856943547715967,0.0,0.0,0.0,29.48102688849294
90,2010-05-01,27.896074429080457,29.019652829545233,30.511884181410277,27.896074429080457,27.896074429080457,1.885306857083166,1.885306857083166,1.885306857083166,1.885306857083166,1.885306857083166,1.885306857083166,0.0,0.0,0.0,29.781381286163622
91,2010-06-01,27.89684105428487,28.1921296001829,29.66569200793747,27.89684105428487,27.89684105428487,1.0582341114116385,1.0582341114116385,1.0582341114116385,1.0582341114116385,1.0582341114116385,1.0582341114116385,0.0,0.0,0.0,28.95507516569651
92,2010-07-01,27.89758294964398,27.39028547776469,28.82186588826402,27.89758294964398,27.89758294964398,0.18401753706322005,0.18401753706322005,0.18401753706322005,0.18401753706322005,0.18401753706322005,0.18401753706322005,0.0,0.0,0.0,28.0816004867072
93,2010-08-01,27.898349574848396,27.027348376139308,28.530936841079523,27.898349574848396,27.898349574848396,-0.06168302743498193,-0.06168302743498193,-0.06168302743498193,-0.06168302743498193,-0.06168302743498193,-0.06168302743498193,0.0,0.0,0.0,27.836666547413415
94,2010-09-01,27.899116200052813,27.187136897416337,28.72599516735262,27.899116200052813,27.899116200052813,0.016942556351989227,0.016942556351989227,0.016942556351989227,0.016942556351989227,0.016942556351989227,0.016942556351989227,0.0,0.0,0.0,27.9160587564048
95,2010-10-01,27.899858095411922,27.10786488369683,28.54295468040339,27.899858095411922,27.899858095411922,-0.04881033922711656,-0.04881033922711656,-0.04881033922711656,-0.04881033922711656,-0.04881033922711656,-0.04881033922711656,0.0,0.0,0.0,27.851047756184805
96,2010-11-01,27.90062553632337,27.00713000998623,28.454482925405085,27.90062553632337,27.90062553632337,-0.22786427371813398,-0.22786427371813398,-0.22786427371813398,-0.22786427371813398,-0.22786427371813398,-0.22786427371813398,0.0,0.0,0.0,27.67276126260524
97,2010-12-01,27.901368221076385,26.078634545133127,27.575793018323825,27.901368221076385,27.901368221076385,-1.1030909639668527,-1.1030909639668527,-1.1030909639668527,-1.1030909639668527,-1.1030909639668527,-1.1030909639668527,0.0,0.0,0.0,26.798277257109532
98,2011-01-01,27.902135661987835,25.487115530932748,27.0201714972451,27.902135661987835,27.902135661987835,-1.6423263076576953,-1.6423263076576953,-1.6423263076576953,-1.6423263076576953,-1.6423263076576953,-1.6423263076576953,0.0,0.0,0.0,26.25980935433014
99,2011-02-01,27.902903102899284,25.856734045247062,27.329654144272915,27.902903102899284,27.902903102899284,-1.3014786525501143,-1.3014786525501143,-1.3014786525501143,-1.3014786525501143,-1.3014786525501143,-1.3014786525501143,0.0,0.0,0.0,26.60142445034917
100,2011-03-01,27.903596275335428,27.20087786849095,28.69003087342318,27.903596275335428,27.903596275335428,0.050881626094184014,0.050881626094184014,0.050881626094184014,0.050881626094184014,0.050881626094184014,0.050881626094184014,0.0,0.0,0.0,27.954477901429613
101,2011-04-01,27.904363716246877,28.74142755016265,30.254813964765695,27.904363716246877,27.904363716246877,1.569617347038788,1.569617347038788,1.569617347038788,1.569617347038788,1.569617347038788,1.569617347038788,0.0,0.0,0.0,29.473981063285663
102,2011-05-01,27.90512013243696,29.08677467250125,30.606155720304866,27.90512013243696,27.90512013243696,1.933315090894505,1.933315090894505,1.933315090894505,1.933315090894505,1.933315090894505,1.933315090894505,0.0,0.0,0.0,29.838435223331466
103,2011-06-01,27.90590176250004,28.24983498472992,29.726512960765504,27.90590176250004,27.90590176250004,1.1080649892372976,1.1080649892372976,1.1080649892372976,1.1080649892372976,1.1080649892372976,1.1080649892372976,0.0,0.0,0.0,29.01396675173734
104,2011-07-01,27.906658178690122,27.358849872989797,28.81841703711494,27.906658178690122,27.906658178690122,0.21064276568059678,0.21064276568059678,0.21064276568059678,0.21064276568059678,0.21064276568059678,0.21064276568059678,0.0,0.0,0.0,28.11730094437072
105,2011-08-01,27.907439808753203,27.035831313500687,28.516390689184075,27.907439808753203,27.907439808753203,-0.16195002284329194,-0.16195002284329194,-0.16195002284329194,-0.16195002284329194,-0.16195002284329194,-0.16195002284329194,0.0,0.0,0.0,27.74548978590991
106,2011-09-01,27.908221438816287,27.14175658205997,28.652239428931082,27.908221438816287,27.908221438816287,-0.018957208623482824,-0.018957208623482824,-0.018957208623482824,-0.018957208623482824,-0.018957208623482824,-0.018957208623482824,0.0,0.0,0.0,27.889264230192804
107,2011-10-01,27.90897785500637,27.171858958324737,28.702945194478684,27.90897785500637,27.90897785500637,0.054291423572648136,0.054291423572648136,0.054291423572648136,0.054291423572648136,0.054291423572648136,0.054291423572648136,0.0,0.0,0.0,27.963269278579016
108,2011-11-01,27.90976021697811,26.87426303508791,28.343757715571893,27.90976021697811,27.90976021697811,-0.2649820199245625,-0.2649820199245625,-0.2649820199245625,-0.2649820199245625,-0.2649820199245625,-0.2649820199245625,0.0,0.0,0.0,27.644778197053547
109,2011-12-01,27.910517341466896,26.053438575354175,27.538880126387465,27.910517341466896,27.910517341466896,-1.1485505467799708,-1.1485505467799708,-1.1485505467799708,-1.1485505467799708,-1.1485505467799708,-1.1485505467799708,0.0,0.0,0.0,26.761966794686927
110,2012-01-01,27.911299703438644,25.667742453327065,27.263201900033753,27.911299703438644,27.911299703438644,-1.4584320147774523,-1.4584320147774523,-1.4584320147774523,-1.4584320147774523,-1.4584320147774523,-1.4584320147774523,0.0,0.0,0.0,26.452867688661193
111,2012-02-01,27.912082065410385,25.79610643303026,27.238400142703675,27.912082065410385,27.912082065410385,-1.4316631728538485,-1.4316631728538485,-1.4316631728538485,-1.4316631728538485,-1.4316631728538485,-1.4316631728538485,0.0,0.0,0.0,26.480418892556536
112,2012-03-01,27.91281395241621,27.30992611481139,28.76640765598842,27.91281395241621,27.91281395241621,0.146009908599034,0.146009908599034,0.146009908599034,0.146009908599034,0.146009908599034,0.146009908599034,0.0,0.0,0.0,28.058823861015245
113,2012-04-01,27.913596314387956,28.770027076253466,30.305782794869682,27.913596314387956,27.913596314387956,1.6222277660320292,1.6222277660320292,1.6222277660320292,1.6222277660320292,1.6222277660320292,1.6222277660320292,0.0,0.0,0.0,29.535824080419985
114,2012-05-01,27.914356509506256,28.99191803805826,30.38827097356525,27.914356509506256,27.914356509506256,1.791727403381754,1.791727403381754,1.791727403381754,1.791727403381754,1.791727403381754,1.791727403381754,0.0,0.0,0.0,29.70608391288801
115,2012-06-01,27.91514204446183,28.149240116465407,29.54772402629358,27.91514204446183,27.91514204446183,0.9566696650136371,0.9566696650136371,0.9566696650136371,0.9566696650136371,0.9566696650136371,0.9566696650136371,0.0,0.0,0.0,28.87181170947547
116,2012-07-01,27.91590223958013,27.29800005950235,28.815043479501167,27.91590223958013,27.91590223958013,0.1240015861511079,0.1240015861511079,0.1240015861511079,0.1240015861511079,0.1240015861511079,0.1240015861511079,0.0,0.0,0.0,28.039903825731237
117,2012-08-01,27.91668777453571,27.37429440960526,28.851011917858727,27.91668777453571,27.91668777453571,0.13649022217578183,0.13649022217578183,0.13649022217578183,0.13649022217578183,0.13649022217578183,0.13649022217578183,0.0,0.0,0.0,28.05317799671149
118,2012-09-01,27.917473309491285,27.271368955109192,28.72954236084529,27.917473309491285,27.917473309491285,0.09593378009488435,0.09593378009488435,0.09593378009488435,0.09593378009488435,0.09593378009488435,0.09593378009488435,0.0,0.0,0.0,28.01340708958617
119,2012-10-01,27.91823350460959,26.89326126661296,28.435355083636495,27.91823350460959,27.91823350460959,-0.2540404444913178,-0.2540404444913178,-0.2540404444913178,-0.2540404444913178,-0.2540404444913178,-0.2540404444913178,0.0,0.0,0.0,27.664193060118272
120,2012-11-01,27.919200327233053,27.06319428410552,28.56354195723228,27.919200327233053,27.919200327233053,-0.15771005238785515,-0.15771005238785515,-0.15771005238785515,-0.15771005238785515,-0.15771005238785515,-0.15771005238785515,0.0,0.0,0.0,27.761490274845197
121,2012-12-01,27.920135962029956,26.17900388317985,27.6797570528119,27.920135962029956,27.920135962029956,-1.005660312123085,-1.005660312123085,-1.005660312123085,-1.005660312123085,-1.005660312123085,-1.005660312123085,0.0,0.0,0.0,26.914475649906873
122,2013-01-01,27.921102784653424,25.12593399952924,26.64355456791497,27.921102784653424,27.921102784653424,-2.013241586865877,-2.013241586865877,-2.013241586865877,-2.013241586865877,-2.013241586865877,-2.013241586865877,0.0,0.0,0.0,25.907861197787547
123,2013-02-01,27.92206960727689,26.143552333008437,27.604401574049536,27.92206960727689,27.92206960727689,-1.04938181027319,-1.04938181027319,-1.04938181027319,-1.04938181027319,-1.04938181027319,-1.04938181027319,0.0,0.0,0.0,26.8726877970037
124,2013-03-01,27.922942866420666,27.31065704251797,28.775390648443665,27.922942866420666,27.922942866420666,0.1129321171302058,0.1129321171302058,0.1129321171302058,0.1129321171302058,0.1129321171302058,0.1129321171302058,0.0,0.0,0.0,28.035874983550872
125,2013-04-01,27.923909689044134,28.774007107745405,30.254892952123726,27.923909689044134,27.923909689044134,1.6032339811603842,1.6032339811603842,1.6032339811603842,1.6032339811603842,1.6032339811603842,1.6032339811603842,0.0,0.0,0.0,29.527143670204516
126,2013-05-01,27.925049610954034,29.049764865372065,30.484363161840495,27.925049610954034,27.925049610954034,1.8380885562993292,1.8380885562993292,1.8380885562993292,1.8380885562993292,1.8380885562993292,1.8380885562993292,0.0,0.0,0.0,29.763138167253363
127,2013-06-01,27.926227530260935,28.173149620129834,29.64113165134813,27.926227530260935,27.926227530260935,1.007744829235204,1.007744829235204,1.007744829235204,1.007744829235204,1.007744829235204,1.007744829235204,0.0,0.0,0.0,28.93397235949614
128,2013-07-01,27.927367452170838,27.365753307627024,28.8441369547493,27.927367452170838,27.927367452170838,0.15513382436274828,0.15513382436274828,0.15513382436274828,0.15513382436274828,0.15513382436274828,0.15513382436274828,0.0,0.0,0.0,28.082501276533588
129,2013-08-01,27.92854537147774,27.240315806640417,28.7242163762556,27.92854537147774,27.92854537147774,0.037837127130302683,0.037837127130302683,0.037837127130302683,0.037837127130302683,0.037837127130302683,0.037837127130302683,0.0,0.0,0.0,27.96638249860804
130,2013-09-01,27.929723290784636,27.235094706964496,28.744488840318066,27.929723290784636,27.929723290784636,0.0552564856001974,0.0552564856001974,0.0552564856001974,0.0552564856001974,0.0552564856001974,0.0552564856001974,0.0,0.0,0.0,27.984979776384833
131,2013-10-01,27.93086321269454,26.983672375276736,28.499301638151042,27.93086321269454,27.93086321269454,-0.1516198265188438,-0.1516198265188438,-0.1516198265188438,-0.1516198265188438,-0.1516198265188438,-0.1516198265188438,0.0,0.0,0.0,27.779243386175697
132,2013-11-01,27.93334410902658,26.954627211724123,28.483018577767773,27.93334410902658,27.93334410902658,-0.19209762686630003,-0.19209762686630003,-0.19209762686630003,-0.19209762686630003,-0.19209762686630003,-0.19209762686630003,0.0,0.0,0.0,27.74124648216028
133,2013-12-01,27.935744976444685,26.10219413330918,27.634997624054524,27.935744976444685,27.935744976444685,-1.0554539175027384,-1.0554539175027384,-1.0554539175027384,-1.0554539175027384,-1.0554539175027384,-1.0554539175027384,0.0,0.0,0.0,26.880291058941946
134,2014-01-01,27.93822587277672,25.362445705708527,26.909690132362282,27.93822587277672,27.93822587277672,-1.8273175925064853,-1.8273175925064853,-1.8273175925064853,-1.8273175925064853,-1.8273175925064853,-1.8273175925064853,0.0,0.0,0.0,26.110908280270234
135,2014-02-01,27.940706769108758,25.998474681754985,27.523845411175014,27.940706769108758,27.940706769108758,-1.1740192631713458,-1.1740192631713458,-1.1740192631713458,-1.1740192631713458,-1.1740192631713458,-1.1740192631713458,0.0,0.0,0.0,26.766687505937412
136,2014-03-01,27.942947578698988,27.23943674327438,28.76504654716372,27.942947578698988,27.942947578698988,0.08120394593327117,0.08120394593327117,0.08120394593327117,0.08120394593327117,0.08120394593327117,0.08120394593327117,0.0,0.0,0.0,28.02415152463226
137,2014-04-01,27.945428475031022,28.787609714914417,30.30005609374716,27.945428475031022,27.945428475031022,1.585694354771429,1.585694354771429,1.585694354771429,1.585694354771429,1.585694354771429,1.585694354771429,0.0,0.0,0.0,29.531122829802452
138,2014-05-01,27.948429899248953,29.090871496044674,30.559455950299892,27.948429899248953,27.948429899248953,1.8853068570824032,1.8853068570824032,1.8853068570824032,1.8853068570824032,1.8853068570824032,1.8853068570824032,0.0,0.0,0.0,29.833736756331355
139,2014-06-01,27.951531370940813,28.264983187194204,29.75823068250906,27.951531370940813,27.951531370940813,1.058234111412128,1.058234111412128,1.058234111412128,1.058234111412128,1.058234111412128,1.058234111412128,0.0,0.0,0.0,29.00976548235294
140,2014-07-01,27.95453279515874,27.423972016881837,28.86591116996447,27.95453279515874,27.95453279515874,0.18401753706363116,0.18401753706363116,0.18401753706363116,0.18401753706363116,0.18401753706363116,0.18401753706363116,0.0,0.0,0.0,28.138550332222373
141,2014-08-01,27.9576342668506,27.175339757323275,28.640103109730642,27.9576342668506,27.9576342668506,-0.06168302743464636,-0.06168302743464636,-0.06168302743464636,-0.06168302743464636,-0.06168302743464636,-0.06168302743464636,0.0,0.0,0.0,27.895951239415954
142,2014-09-01,27.96073573854246,27.265182099345566,28.647872375458633,27.96073573854246,27.96073573854246,0.016942556352107865,0.016942556352107865,0.016942556352107865,0.016942556352107865,0.016942556352107865,0.016942556352107865,0.0,0.0,0.0,27.97767829489457
143,2014-10-01,27.96373716276039,27.11098004122262,28.656931337440742,27.96373716276039,27.96373716276039,-0.04881033922722492,-0.04881033922722492,-0.04881033922722492,-0.04881033922722492,-0.04881033922722492,-0.04881033922722492,0.0,0.0,0.0,27.914926823533165
144,2014-11-01,27.96684003414308,27.056245665647594,28.5088785438548,27.96684003414308,27.96684003414308,-0.22786427371777354,-0.22786427371777354,-0.22786427371777354,-0.22786427371777354,-0.22786427371777354,-0.22786427371777354,0.0,0.0,0.0,27.738975760425305
145,2014-12-01,27.96984281290052,26.089759917322937,27.613904480049005,27.96984281290052,27.96984281290052,-1.1030909639668371,-1.1030909639668371,-1.1030909639668371,-1.1030909639668371,-1.1030909639668371,-1.1030909639668371,0.0,0.0,0.0,26.86675184893368
146,2015-09-01,27.997268192218474,27.22247316660868,28.693548008387797,27.997268192218474,27.997268192218474,-0.01895720862289147,-0.01895720862289147,-0.01895720862289147,-0.01895720862289147,-0.01895720862289147,-0.01895720862289147,0.0,0.0,0.0,27.978310983595584
147,2016-08-01,28.030799221676563,27.4217488976518,28.929451014282673,28.030799221676563,28.030799221676563,0.13649022217515064,0.13649022217515064,0.13649022217515064,0.13649022217515064,0.13649022217515064,0.13649022217515064,0.0,0.0,0.0,28.167289443851715
148,2018-07-01,28.10076396672493,27.619573569974705,29.011983952175044,28.10076396672493,28.10076396672493,0.18401753706423582,0.18401753706423582,0.18401753706423582,0.18401753706423582,0.18401753706423582,0.18401753706423582,0.0,0.0,0.0,28.284781503789166
149,2018-08-01,28.103866838107624,27.31053317381894,28.763031366118433,28.103866838107624,28.103866838107624,-0.061683027434736644,-0.061683027434736644,-0.061683027434736644,-0.061683027434736644,-0.061683027434736644,-0.061683027434736644,0.0,0.0,0.0,28.04218381067289
150,2018-09-01,28.10696970951818,27.364209001145145,28.8386805023708,28.10696970951818,28.10696970951818,0.016942556352402945,0.016942556352402945,0.016942556352402945,0.016942556352402945,0.016942556352402945,0.016942556352402945,0.0,0.0,0.0,28.123912265870583
151,2018-10-01,28.10997248830259,27.306407721077026,28.7907186833059,28.10997248830259,28.10997248830259,-0.04881033922673732,-0.04881033922673732,-0.04881033922673732,-0.04881033922673732,-0.04881033922673732,-0.04881033922673732,0.0,0.0,0.0,28.06116214907585
152,2018-11-01,28.113075359713143,27.11065560629403,28.669836119384666,28.113075359713143,28.113075359713143,-0.2278642737179843,-0.2278642737179843,-0.2278642737179843,-0.2278642737179843,-0.2278642737179843,-0.2278642737179843,0.0,0.0,0.0,27.88521108599516
153,2018-12-01,28.116078138497553,26.21613380419501,27.646678871129126,28.116078138497553,28.116078138497553,-1.10309096396712,-1.10309096396712,-1.10309096396712,-1.10309096396712,-1.10309096396712,-1.10309096396712,0.0,0.0,0.0,27.012987174530434
154,2019-01-01,28.11918100990811,25.759793138763065,27.257724300428666,28.11918100990811,28.11918100990811,-1.6423263076581254,-1.6423263076581254,-1.6423263076581254,-1.6423263076581254,-1.6423263076581254,-1.6423263076581254,0.0,0.0,0.0,26.476854702249987
155,2019-02-01,28.122283881318666,26.08735939331164,27.53754040981049,28.122283881318666,28.122283881318666,-1.3014786525502315,-1.3014786525502315,-1.3014786525502315,-1.3014786525502315,-1.3014786525502315,-1.3014786525502315,0.0,0.0,0.0,26.820805228768435
156,2019-03-01,28.125086474850782,27.408546012167502,28.947849041888098,28.125086474850782,28.125086474850782,0.05088162609441867,0.05088162609441867,0.05088162609441867,0.05088162609441867,0.05088162609441867,0.05088162609441867,0.0,0.0,0.0,28.1759681009452
157,2019-04-01,28.128189346261337,28.932213289481915,30.420881863737844,28.128189346261337,28.128189346261337,1.5696173470388903,1.5696173470388903,1.5696173470388903,1.5696173470388903,1.5696173470388903,1.5696173470388903,0.0,0.0,0.0,29.697806693300226
158,2019-05-01,28.131192125045747,29.304880927065973,30.794873031038264,28.131192125045747,28.131192125045747,1.933315090894763,1.933315090894763,1.933315090894763,1.933315090894763,1.933315090894763,1.933315090894763,0.0,0.0,0.0,30.06450721594051
159,2019-06-01,28.1342949964563,28.4869284925453,29.997519650469187,28.1342949964563,28.1342949964563,1.1080649892371872,1.1080649892371872,1.1080649892371872,1.1080649892371872,1.1080649892371872,1.1080649892371872,0.0,0.0,0.0,29.24235998569349
160,2019-07-01,28.137297775240715,27.59896095916595,29.068626155522225,28.137297775240715,28.137297775240715,0.2106427656806403,0.2106427656806403,0.2106427656806403,0.2106427656806403,0.2106427656806403,0.2106427656806403,0.0,0.0,0.0,28.347940540921353
161,2019-08-01,28.14040064665127,27.186062838303823,28.755140615350268,28.14040064665127,28.14040064665127,-0.16195002284269286,-0.16195002284269286,-0.16195002284269286,-0.16195002284269286,-0.16195002284269286,-0.16195002284269286,0.0,0.0,0.0,27.978450623808577
162,2019-09-01,28.143503518061827,27.380412654690495,28.85692521411425,28.143503518061827,28.143503518061827,-0.018957208622742305,-0.018957208622742305,-0.018957208622742305,-0.018957208622742305,-0.018957208622742305,-0.018957208622742305,0.0,0.0,0.0,28.124546309439086
163,2019-10-01,28.146506296846237,27.430490922540127,28.969025835538663,28.146506296846237,28.146506296846237,0.05429142357249334,0.05429142357249334,0.05429142357249334,0.05429142357249334,0.05429142357249334,0.05429142357249334,0.0,0.0,0.0,28.20079772041873
164,2019-11-01,28.149609168256795,27.103118344482915,28.629118174416917,28.149609168256795,28.149609168256795,-0.26498201992393694,-0.26498201992393694,-0.26498201992393694,-0.26498201992393694,-0.26498201992393694,-0.26498201992393694,0.0,0.0,0.0,27.884627148332857
165,2019-12-01,28.152611947041205,26.289718894175703,27.72903073998294,28.152611947041205,28.152611947041205,-1.1485505467799848,-1.1485505467799848,-1.1485505467799848,-1.1485505467799848,-1.1485505467799848,-1.1485505467799848,0.0,0.0,0.0,27.00406140026122
166,2020-01-01,28.15571481845176,25.91068733889587,27.437476360553507,28.15571481845176,28.15571481845176,-1.4584320147774033,-1.4584320147774033,-1.4584320147774033,-1.4584320147774033,-1.4584320147774033,-1.4584320147774033,0.0,0.0,0.0,26.697282803674355
167,2020-02-01,28.158817689862314,25.988923345120906,27.486762548347453,28.158817689862314,28.158817689862314,-1.4316631728536064,-1.4316631728536064,-1.4316631728536064,-1.4316631728536064,-1.4316631728536064,-1.4316631728536064,0.0,0.0,0.0,26.727154517008707
168,2020-03-01,28.161720376020575,27.54453429605356,29.042100457028404,28.161720376020575,28.161720376020575,0.14600990859868487,0.14600990859868487,0.14600990859868487,0.14600990859868487,0.14600990859868487,0.14600990859868487,0.0,0.0,0.0,28.30773028461926
169,2020-04-01,28.164823247431134,29.01941827727377,30.497884079929133,28.164823247431134,28.164823247431134,1.6222277660335247,1.6222277660335247,1.6222277660335247,1.6222277660335247,1.6222277660335247,1.6222277660335247,0.0,0.0,0.0,29.78705101346466
170,2020-05-01,28.167826026215547,29.177777228754405,30.652109961365852,28.167826026215547,28.167826026215547,1.7917274033813475,1.7917274033813475,1.7917274033813475,1.7917274033813475,1.7917274033813475,1.7917274033813475,0.0,0.0,0.0,29.959553429596895
171,2020-06-01,28.1709288976261,28.391196102981485,29.87565052265608,28.1709288976261,28.1709288976261,0.9566696650135499,0.9566696650135499,0.9566696650135499,0.9566696650135499,0.9566696650135499,0.9566696650135499,0.0,0.0,0.0,29.12759856263965
172,2020-07-01,28.17393167641051,27.531957529800604,29.051409356096112,28.17393167641051,28.17393167641051,0.12400158615175456,0.12400158615175456,0.12400158615175456,0.12400158615175456,0.12400158615175456,0.12400158615175456,0.0,0.0,0.0,28.297933262562267
173,2020-08-01,28.177034547821066,27.53595203077977,29.026594968142582,28.177034547821066,28.177034547821066,0.13649022217577592,0.13649022217577592,0.13649022217577592,0.13649022217577592,0.13649022217577592,0.13649022217577592,0.0,0.0,0.0,28.313524769996842
174,2020-09-01,28.180137419231624,27.551129419739958,28.99828054894038,28.180137419231624,28.180137419231624,0.09593378009501902,0.09593378009501902,0.09593378009501902,0.09593378009501902,0.09593378009501902,0.09593378009501902,0.0,0.0,0.0,28.276071199326644
175,2020-10-01,28.183140198016034,27.186635124039952,28.679119037877292,28.183140198016034,28.183140198016034,-0.2540404444912018,-0.2540404444912018,-0.2540404444912018,-0.2540404444912018,-0.2540404444912018,-0.2540404444912018,0.0,0.0,0.0,27.92909975352483
176,2020-11-01,28.186243069426588,27.313849955504093,28.84700269146152,28.186243069426588,28.186243069426588,-0.15771005238768004,-0.15771005238768004,-0.15771005238768004,-0.15771005238768004,-0.15771005238768004,-0.15771005238768004,0.0,0.0,0.0,28.028533017038907
177,2020-12-01,28.189245848210998,26.4606745974226,27.88959603850515,28.189245848210998,28.189245848210998,-1.0056603121232424,-1.0056603121232424,-1.0056603121232424,-1.0056603121232424,-1.0056603121232424,-1.0056603121232424,0.0,0.0,0.0,27.183585536087755
178,2021-01-01,28.192348719621553,25.44470145341925,26.907969023732992,28.192348719621553,28.192348719621553,-2.01324158686631,-2.01324158686631,-2.01324158686631,-2.01324158686631,-2.01324158686631,-2.01324158686631,0.0,0.0,0.0,26.17910713275524
179,2021-02-01,28.195451591032114,26.420080954670574,27.888066173080936,28.195451591032114,28.195451591032114,-1.0493818102729982,-1.0493818102729982,-1.0493818102729982,-1.0493818102729982,-1.0493818102729982,-1.0493818102729982,0.0,0.0,0.0,27.146069780759117
180,2021-03-01,28.198254184564224,27.54095835768918,29.09636568528471,28.198254184564224,28.198254184564224,0.11293211712979198,0.11293211712979198,0.11293211712979198,0.11293211712979198,0.11293211712979198,0.11293211712979198,0.0,0.0,0.0,28.311186301694015
181,2021-04-01,28.201357055974785,29.080048370808786,30.487965226347413,28.201357055974785,28.201357055974785,1.6032339811606664,1.6032339811606664,1.6032339811606664,1.6032339811606664,1.6032339811606664,1.6032339811606664,0.0,0.0,0.0,29.804591037135452
182,2021-05-01,28.20435983475919,29.31409520446787,30.828728605622544,28.20435983475919,28.20435983475919,1.8380885562998726,1.8380885562998726,1.8380885562998726,1.8380885562998726,1.8380885562998726,1.8380885562998726,0.0,0.0,0.0,30.042448391059065
183,2021-06-01,28.20746270616975,28.48143720535002,29.891254307065417,28.20746270616975,28.20746270616975,1.0077448292348146,1.0077448292348146,1.0077448292348146,1.0077448292348146,1.0077448292348146,1.0077448292348146,0.0,0.0,0.0,29.215207535404563
184,2021-07-01,28.21046548495416,27.63410460154358,29.12654925656512,28.21046548495416,28.21046548495416,0.15513382436169265,0.15513382436169265,0.15513382436169265,0.15513382436169265,0.15513382436169265,0.15513382436169265,0.0,0.0,0.0,28.36559930931585
185,2021-08-01,28.213568356364714,27.511518916409216,29.04528719547094,28.213568356364714,28.213568356364714,0.03783712712976099,0.03783712712976099,0.03783712712976099,0.03783712712976099,0.03783712712976099,0.03783712712976099,0.0,0.0,0.0,28.251405483494477
186,2021-09-01,28.216671227775272,27.495937517402655,28.980123267035914,28.216671227775272,28.216671227775272,0.055256485599324605,0.055256485599324605,0.055256485599324605,0.055256485599324605,0.055256485599324605,0.055256485599324605,0.0,0.0,0.0,28.2719277133746
187,2021-10-01,28.219674006559682,27.359911930457358,28.834509612120108,28.219674006559682,28.219674006559682,-0.15161982651889047,-0.15161982651889047,-0.15161982651889047,-0.15161982651889047,-0.15161982651889047,-0.15161982651889047,0.0,0.0,0.0,28.068054180040793
188,2021-10-31,28.222676785344092,27.138147079979387,28.5730909095189,28.222676785344092,28.222676785344092,-0.343150912847378,-0.343150912847378,-0.343150912847378,-0.343150912847378,-0.343150912847378,-0.343150912847378,0.0,0.0,0.0,27.879525872496714
189,2021-11-30,28.225679564128498,26.2900396336386,27.787289189186893,28.22567955528475,28.225679564128498,-1.2328687339164726,-1.2328687339164726,-1.2328687339164726,-1.2328687339164726,-1.2328687339164726,-1.2328687339164726,0.0,0.0,0.0,26.992810830212026
190,2021-12-31,28.228782435539056,26.44222129877047,27.87354292541397,28.228755480664013,28.228814271185538,-1.0945808488978954,-1.0945808488978954,-1.0945808488978954,-1.0945808488978954,-1.0945808488978954,-1.0945808488978954,0.0,0.0,0.0,27.13420158664116
191,2022-01-31,28.231885306949614,25.787174472212442,27.303050777233963,28.231801158265995,28.23198056147301,-1.6997969073482422,-1.6997969073482422,-1.6997969073482422,-1.6997969073482422,-1.6997969073482422,-1.6997969073482422,0.0,0.0,0.0,26.53208839960137
192,2022-02-28,28.23468790048173,27.480904162984103,29.002974274836628,28.234536552309475,28.234862134251898,-0.03112566354098351,-0.03112566354098351,-0.03112566354098351,-0.03112566354098351,-0.03112566354098351,-0.03112566354098351,0.0,0.0,0.0,28.203562236940748
193,2022-03-31,28.237790771892286,29.05694726604351,30.561094501386638,28.237535697635295,28.23806213253672,1.5302001265775398,1.5302001265775398,1.5302001265775398,1.5302001265775398,1.5302001265775398,1.5302001265775398,0.0,0.0,0.0,29.767990898469826
194,2022-04-30,28.240793550676695,29.53767773043221,31.01941437815359,28.240461861584684,28.241170944691145,2.0813835630832207,2.0813835630832207,2.0813835630832207,2.0813835630832207,2.0813835630832207,2.0813835630832207,0.0,0.0,0.0,30.322177113759917
195,2022-05-31,28.24389642208725,28.770628091368643,30.174244485885684,28.24341938884744,28.24438911043224,1.2529032483654008,1.2529032483654008,1.2529032483654008,1.2529032483654008,1.2529032483654008,1.2529032483654008,0.0,0.0,0.0,29.49679967045265
196,2022-06-30,28.24689920087166,27.7405543376909,29.2696239364414,28.246294818569048,28.24751994544384,0.2769301187901863,0.2769301187901863,0.2769301187901863,0.2769301187901863,0.2769301187901863,0.2769301187901863,0.0,0.0,0.0,28.523829319661846
197,2022-07-31,28.250002072282218,27.02872781305015,28.52214914739298,28.249251623659205,28.250754747284,-0.4660118178705653,-0.4660118178705653,-0.4660118178705653,-0.4660118178705653,-0.4660118178705653,-0.4660118178705653,0.0,0.0,0.0,27.783990254411652
198,2022-08-31,28.253104943692772,27.379500497304132,28.847192612974414,28.25220935444597,28.25399566484282,-0.11172339017465861,-0.11172339017465861,-0.11172339017465861,-0.11172339017465861,-0.11172339017465861,-0.11172339017465861,0.0,0.0,0.0,28.141381553518112
199,2022-09-30,28.256107722477182,27.85030189588075,29.30066840111031,28.255093906867046,28.25712526477118,0.36437227296484354,0.36437227296484354,0.36437227296484354,0.36437227296484354,0.36437227296484354,0.36437227296484354,0.0,0.0,0.0,28.620479995442025
200,2022-10-31,28.25921059388774,27.16330016242237,28.6417896932339,28.258069052878913,28.26036487005958,-0.3841381588051235,-0.3841381588051235,-0.3841381588051235,-0.3841381588051235,-0.3841381588051235,-0.3841381588051235,0.0,0.0,0.0,27.87507243508262
201,2022-11-30,28.262213372672147,26.22250898075193,27.732780216776636,28.260903614388024,28.26350531373926,-1.27170048994105,-1.27170048994105,-1.27170048994105,-1.27170048994105,-1.27170048994105,-1.27170048994105,0.0,0.0,0.0,26.990512882731096
202,2022-12-31,28.265316244082708,26.656019696295317,28.12787921464911,28.263828429064116,28.26681241022407,-0.914941311021623,-0.914941311021623,-0.914941311021623,-0.914941311021623,-0.914941311021623,-0.914941311021623,0.0,0.0,0.0,27.350374933061087
203,2023-01-31,28.268419115493263,25.752397183256953,27.11490419011453,28.266686964679213,28.270070291605673,-1.8375293701763993,-1.8375293701763993,-1.8375293701763993,-1.8375293701763993,-1.8375293701763993,-1.8375293701763993,0.0,0.0,0.0,26.430889745316865
204,2023-02-28,28.27122170902538,27.496660952886497,28.935719988011144,28.269318387207978,28.2730712342831,-0.05531346237030893,-0.05531346237030893,-0.05531346237030893,-0.05531346237030893,-0.05531346237030893,-0.05531346237030893,0.0,0.0,0.0,28.215908246655072
205,2023-03-31,28.274324580435934,29.02921252869426,30.51553710751137,28.272218411751396,28.276428886519167,1.5199961798854784,1.5199961798854784,1.5199961798854784,1.5199961798854784,1.5199961798854784,1.5199961798854784,0.0,0.0,0.0,29.794320760321412
206,2023-04-30,28.277327359220344,29.661975862170326,31.212177938751626,28.275005701507187,28.27954902431969,2.131848690021519,2.131848690021519,2.131848690021519,2.131848690021519,2.131848690021519,2.131848690021519,0.0,0.0,0.0,30.409176049241864
207,2023-05-31,28.2804302306309,28.80180860274108,30.328392973246675,28.27785132126938,28.28283084178014,1.2994045641284435,1.2994045641284435,1.2994045641284435,1.2994045641284435,1.2994045641284435,1.2994045641284435,0.0,0.0,0.0,29.579834794759343
208,2023-06-30,28.28343300941531,27.834662695275703,29.361061079529556,28.28062134655708,28.286073027382567,0.2945045809528479,0.2945045809528479,0.2945045809528479,0.2945045809528479,0.2945045809528479,0.2945045809528479,0.0,0.0,0.0,28.57793759036816
209,2023-07-31,28.286535880825866,26.97177755883358,28.476724155960763,28.283462216305285,28.289441430770687,-0.5680412277658655,-0.5680412277658655,-0.5680412277658655,-0.5680412277658655,-0.5680412277658655,-0.5680412277658655,0.0,0.0,0.0,27.718494653060002
210,2023-08-31,28.28963875223642,27.400330579744374,28.92049973459373,28.286309902827906,28.292786174751928,-0.1375388390466667,-0.1375388390466667,-0.1375388390466667,-0.1375388390466667,-0.1375388390466667,-0.1375388390466667,0.0,0.0,0.0,28.152099913189755
211,2023-09-30,28.29264153102083,27.996681307591363,29.505588341916514,28.289084770425752,28.295996748887223,0.4676618113520825,0.4676618113520825,0.4676618113520825,0.4676618113520825,0.4676618113520825,0.4676618113520825,0.0,0.0,0.0,28.760303342372914
212,2023-10-31,28.29574440243139,27.078849018772285,28.649921939798112,28.29206256003563,28.29933622203618,-0.42634873924165817,-0.42634873924165817,-0.42634873924165817,-0.42634873924165817,-0.42634873924165817,-0.42634873924165817,0.0,0.0,0.0,27.86939566318973
213,2023-11-30,28.2987471812158,26.224208260781868,27.696392320033546,28.29485428615423,28.30246580399087,-1.308301031331672,-1.308301031331672,-1.308301031331672,-1.308301031331672,-1.308301031331672,-1.308301031331672,0.0,0.0,0.0,26.990446149884125
214,2023-12-31,28.301850052626357,26.88120845882431,28.36175768341964,28.297675758484953,28.305828269098335,-0.7370330822165406,-0.7370330822165406,-0.7370330822165406,-0.7370330822165406,-0.7370330822165406,-0.7370330822165406,0.0,0.0,0.0,27.564816970409815
215,2024-01-31,28.30495292403691,25.590488166242892,27.04761467007235,28.300502267815485,28.309259705566806,-1.9775537022377752,-1.9775537022377752,-1.9775537022377752,-1.9775537022377752,-1.9775537022377752,-1.9775537022377752,0.0,0.0,0.0,26.327399221799137
216,2024-02-29,28.307855610195173,27.554917991344787,29.03454246469415,28.303102299723932,28.312484935360473,0.022018922227923742,0.022018922227923742,0.022018922227923742,0.022018922227923742,0.022018922227923742,0.022018922227923742,0.0,0.0,0.0,28.329874532423098
217,2024-03-31,28.310958481605727,29.108144016064653,30.591816353579233,28.30590839509004,28.315945047209855,1.555008318644658,1.555008318644658,1.555008318644658,1.555008318644658,1.555008318644658,1.555008318644658,0.0,0.0,0.0,29.865966800250384
218,2024-04-30,28.31396126039014,29.587527501380205,31.042489313196647,28.30867143218418,28.319133055829194,1.9820444144571003,1.9820444144571003,1.9820444144571003,1.9820444144571003,1.9820444144571003,1.9820444144571003,0.0,0.0,0.0,30.29600567484724
219,2024-05-31,28.317064131800695,28.74476862842977,30.233107057400858,28.31154315712554,28.32251587844225,1.1571663059984496,1.1571663059984496,1.1571663059984496,1.1571663059984496,1.1571663059984496,1.1571663059984496,0.0,0.0,0.0,29.474230437799143
220,2024-06-30,28.320066910585105,27.849375772816543,29.36775174697774,28.314264361768092,28.325775095189687,0.23500370097743573,0.23500370097743573,0.23500370097743573,0.23500370097743573,0.23500370097743573,0.23500370097743573,0.0,0.0,0.0,28.55507061156254
221,2024-07-31,28.323169781995663,27.30272950638284,28.787861436654875,28.31712043214228,28.329159115416616,-0.26284236294231944,-0.26284236294231944,-0.26284236294231944,-0.26284236294231944,-0.26284236294231944,-0.26284236294231944,0.0,0.0,0.0,28.060327419053344
222,2024-08-31,28.32627265340622,27.541309223368035,29.02030697322966,28.31986235321377,28.33258695456381,-0.0523959705192494,-0.0523959705192494,-0.0523959705192494,-0.0523959705192494,-0.0523959705192494,-0.0523959705192494,0.0,0.0,0.0,28.27387668288697
223,2024-09-30,28.32927543219063,27.744118232049274,29.18140409963905,28.3226532556323,28.335841420384234,0.15758801152035584,0.15758801152035584,0.15758801152035584,0.15758801152035584,0.15758801152035584,0.15758801152035584,0.0,0.0,0.0,28.486863443710988
224,2024-10-31,28.332378303601185,27.266992895014834,28.76624361985409,28.32549224263887,28.339269731639085,-0.30342128806620633,-0.30342128806620633,-0.30342128806620633,-0.30342128806620633,-0.30342128806620633,-0.30342128806620633,0.0,0.0,0.0,28.028957015534978
225,2024-11-30,28.335381082385595,26.45584333919308,27.884397661029976,28.328235638936036,28.342605989954997,-1.191814771950708,-1.191814771950708,-1.191814771950708,-1.191814771950708,-1.191814771950708,-1.191814771950708,0.0,0.0,0.0,27.14356631043489
226,2024-12-31,28.33848395379615,26.345322965618184,27.77811553037919,28.331113944036275,28.346005126766528,-1.2757968956791002,-1.2757968956791002,-1.2757968956791002,-1.2757968956791002,-1.2757968956791002,-1.2757968956791002,0.0,0.0,0.0,27.06268705811705
227,2025-01-31,28.341586825206708,26.052787783000383,27.453246763760593,28.333934171614118,28.34932487202227,-1.5644713012492333,-1.5644713012492333,-1.5644713012492333,-1.5644713012492333,-1.5644713012492333,-1.5644713012492333,0.0,0.0,0.0,26.777115523957473
228,2025-02-28,28.34438941873882,27.662839631233044,29.082749960517834,28.33641084965195,28.35235247527252,-0.005332993533983228,-0.005332993533983228,-0.005332993533983228,-0.005332993533983228,-0.005332993533983228,-0.005332993533983228,0.0,0.0,0.0,28.339056425204838
229,2025-03-31,28.34749229014938,29.183930111139713,30.65234927696407,28.339129952521354,28.35578768957254,1.5418695266875384,1.5418695266875384,1.5418695266875384,1.5418695266875384,1.5418695266875384,1.5418695266875384,0.0,0.0,0.0,29.889361816836917
230,2025-04-30,28.35049506893379,29.681306518366085,31.07168569152915,28.341855514990762,28.359156912435466,2.031424480193165,2.031424480193165,2.031424480193165,2.031424480193165,2.031424480193165,2.031424480193165,0.0,0.0,0.0,30.381919549126955
231,2025-05-31,28.353597940344343,28.804035120767153,30.279401536591756,28.34463348801891,28.362687314906626,1.2054684028979967,1.2054684028979967,1.2054684028979967,1.2054684028979967,1.2054684028979967,1.2054684028979967,0.0,0.0,0.0,29.55906634324234
232,2025-06-30,28.356600719128753,27.823237463313866,29.425398401296746,28.34730300925886,28.366065208205523,0.25709867047360874,0.25709867047360874,0.25709867047360874,0.25709867047360874,0.25709867047360874,0.25709867047360874,0.0,0.0,0.0,28.613699389602363
233,2025-07-31,28.35970359053931,27.2259476785197,28.7151985531187,28.350090170566208,28.369628575061757,-0.36423745925527934,-0.36423745925527934,-0.36423745925527934,-0.36423745925527934,-0.36423745925527934,-0.36423745925527934,0.0,0.0,0.0,27.995466131284033
234,2025-08-31,28.36280646194987,27.485621255517785,28.990670199419096,28.352803177469404,28.373041894819725,-0.08333092829131726,-0.08333092829131726,-0.08333092829131726,-0.08333092829131726,-0.08333092829131726,-0.08333092829131726,0.0,0.0,0.0,28.27947553365855
235,2025-09-30,28.365809240734276,27.90030717832181,29.383775706128525,28.35541161996494,28.3764081199397,0.2609812330869027,0.2609812330869027,0.2609812330869027,0.2609812330869027,0.2609812330869027,0.2609812330869027,0.0,0.0,0.0,28.626790473821178
236,2025-10-31,28.368912112144834,27.268994414390495,28.757621659134333,28.358131659319383,28.379856210744162,-0.34315091284798555,-0.34315091284798555,-0.34315091284798555,-0.34315091284798555,-0.34315091284798555,-0.34315091284798555,0.0,0.0,0.0,28.02576119929685
237,2025-11-30,28.371914890929244,26.42102554347181,27.870210270609302,28.360722699339227,28.383200391739884,-1.2328687339168463,-1.2328687339168463,-1.2328687339168463,-1.2328687339168463,-1.2328687339168463,-1.2328687339168463,0.0,0.0,0.0,27.139046157012398
238,2025-12-31,28.3750177623398,26.571664431796233,28.00071463239259,28.363442814874585,28.386758620272893,-1.094580848897806,-1.094580848897806,-1.094580848897806,-1.094580848897806,-1.094580848897806,-1.094580848897806,0.0,0.0,0.0,27.280436913441996
239,2026-01-31,28.378120633750356,25.904770096559012,27.375244745768345,28.366436740986522,28.390261570031946,-1.6997969073478527,-1.6997969073478527,-1.6997969073478527,-1.6997969073478527,-1.6997969073478527,-1.6997969073478527,0.0,0.0,0.0,26.678323726402503
240,2026-02-28,28.380923227282473,27.65582568587505,29.120125948732856,28.368940796955123,28.393564192795406,-0.03112566354123015,-0.03112566354123015,-0.03112566354123015,-0.03112566354123015,-0.03112566354123015,-0.03112566354123015,0.0,0.0,0.0,28.349797563741244
241,2026-03-31,28.384026098693028,29.142266302121204,30.589501454209245,28.371919139506304,28.39705500089929,1.5302001265781031,1.5302001265781031,1.5302001265781031,1.5302001265781031,1.5302001265781031,1.5302001265781031,0.0,0.0,0.0,29.91422622527113
242,2026-04-30,28.387028877477437,29.715928747680397,31.147178330864726,28.3744420435148,28.40038893738906,2.0813835630829765,2.0813835630829765,2.0813835630829765,2.0813835630829765,2.0813835630829765,2.0813835630829765,0.0,0.0,0.0,30.468412440560414
243,2026-05-31,28.390131748887992,28.904600758207888,30.36852080811115,28.37729372510868,28.40396289998855,1.2529032483655125,1.2529032483655125,1.2529032483655125,1.2529032483655125,1.2529032483655125,1.2529032483655125,0.0,0.0,0.0,29.643034997253505
244,2026-06-30,28.393134527672405,27.937287668464172,29.437417512477182,28.379817854521768,28.407365265927837,0.2769301187896545,0.2769301187896545,0.2769301187896545,0.2769301187896545,0.2769301187896545,0.2769301187896545,0.0,0.0,0.0,28.67006464646206
245,2026-07-31,28.39623739908296,27.202052051660186,28.72165621796296,28.382543161061935,28.410975777197553,-0.4660118178710308,-0.4660118178710308,-0.4660118178710308,-0.4660118178710308,-0.4660118178710308,-0.4660118178710308,0.0,0.0,0.0,27.93022558121193
246,2026-08-31,28.399340270493518,27.58009253516182,29.03095506841301,28.38530951444396,28.414465325548022,-0.1117233901749434,-0.1117233901749434,-0.1117233901749434,-0.1117233901749434,-0.1117233901749434,-0.1117233901749434,0.0,0.0,0.0,28.287616880318573
247,2026-09-30,28.402343049277924,27.991516648028337,29.522846152709572,28.38790587270133,28.41780093952799,0.364372272965148,0.364372272965148,0.364372272965148,0.364372272965148,0.364372272965148,0.364372272965148,0.0,0.0,0.0,28.766715322243073
248,2026-10-31,28.405445920688482,27.269367695748986,28.7537938447303,28.390555928580973,28.421212800854594,-0.3841381588056045,-0.3841381588056045,-0.3841381588056045,-0.3841381588056045,-0.3841381588056045,-0.3841381588056045,0.0,0.0,0.0,28.021307761882877
249,2026-11-30,28.408448699472892,26.432479710066765,27.909450756677604,28.393143144222652,28.42457064066842,-1.2717004899408353,-1.2717004899408353,-1.2717004899408353,-1.2717004899408353,-1.2717004899408353,-1.2717004899408353,0.0,0.0,0.0,27.13674820953206
250,2026-12-31,28.41155157088345,26.74069057219918,28.255185378461857,28.3957611250759,28.42800834389002,-0.9149413110208845,-0.9149413110208845,-0.9149413110208845,-0.9149413110208845,-0.9149413110208845,-0.9149413110208845,0.0,0.0,0.0,27.496610259862564
