,year,week,variable,value,year_week
0,2015,0,T_max,28.766666666666666,2015-00
1,2015,0,T_mean,23.566666666666663,2015-00
2,2015,0,T_min,20.22222222222222,2015-00
3,2015,1,T_max,28.5,2015-01
4,2015,1,T_mean,23.266666666666666,2015-01
5,2015,1,T_min,19.466666666666665,2015-01
6,2015,2,T_max,26.3,2015-02
7,2015,2,T_mean,22.65,2015-02
8,2015,2,T_min,19.549999999999997,2015-03
9,2015,3,T_max,31.0,2015-03
10,2015,3,T_mean,26.0,2015-05
11,2015,3,T_min,20.45,2015-06
12,2015,5,T_max,30.0,2015-06
13,2015,5,T_mean,24.8,2015-07
14,2015,5,T_min,19.0,2015-10
15,2015,6,T_max,30.0,2015-11
16,2015,6,T_mean,26.1,2015-11
17,2015,6,T_min,21.575,2015-12
18,2015,7,T_max,32.0,2015-12
19,2015,7,T_mean,25.3,2015-14
20,2015,7,T_min,19.025,2015-14
21,2015,10,T_max,32.5,2015-15
22,2015,10,T_mean,26.6,2015-18
23,2015,10,T_min,20.6,2015-18
24,2015,11,T_max,32.3,2015-18
25,2015,11,T_mean,26.95,2015-18
26,2015,11,T_min,22.0,2015-18
27,2015,12,T_max,32.05,2015-18
28,2015,12,T_mean,27.450000000000003,2015-18
29,2015,12,T_min,23.1,2015-19
30,2015,14,T_max,34.5,2015-19
31,2015,14,T_mean,28.2,2015-21
32,2015,14,T_min,21.425,2015-21
33,2015,15,T_max,35.9,2015-21
34,2015,15,T_mean,30.4,2015-21
35,2015,15,T_min,24.2,2015-21
36,2015,18,T_max,34.01428571428572,2015-21
37,2015,18,T_mean,28.800000000000004,2015-21
38,2015,18,T_min,24.62857142857143,2015-22
39,2015,19,T_max,34.95,2015-23
40,2015,19,T_mean,30.299999999999997,2015-23
41,2015,19,T_min,24.975,2015-23
42,2015,21,T_max,34.22142857142857,2015-23
43,2015,21,T_mean,29.328571428571426,2015-24
44,2015,21,T_min,24.650000000000002,2015-24
45,2015,22,T_max,36.0,2015-24
46,2015,22,T_mean,30.4,2015-24
47,2015,22,T_min,25.5,2015-24
48,2015,23,T_max,34.175,2015-24
49,2015,23,T_mean,29.75,2015-24
50,2015,23,T_min,25.075,2015-25
51,2015,24,T_max,33.77142857142857,2015-25
52,2015,24,T_mean,28.671428571428574,2015-25
53,2015,24,T_min,25.114285714285717,2015-25
54,2015,25,T_max,33.94285714285714,2015-25
55,2015,25,T_mean,29.400000000000002,2015-25
56,2015,25,T_min,24.957142857142856,2015-25
57,2015,26,T_max,32.71428571428571,2015-26
58,2015,26,T_mean,28.72857142857143,2015-26
59,2015,26,T_min,25.164285714285715,2015-26
60,2015,27,T_max,29.72142857142857,2015-26
61,2015,27,T_mean,26.7,2015-26
62,2015,27,T_min,23.88571428571429,2015-26
63,2015,28,T_max,31.68,2015-26
64,2015,28,T_mean,29.140000000000004,2015-27
65,2015,28,T_min,26.18,2015-27
66,2015,31,T_max,30.9,2015-27
67,2015,31,T_mean,28.15,2015-27
68,2015,31,T_min,26.6,2015-27
69,2015,32,T_max,32.416666666666664,2015-27
70,2015,32,T_mean,28.299999999999997,2015-27
71,2015,32,T_min,24.916666666666668,2015-28
72,2015,33,T_max,29.4,2015-28
73,2015,33,T_mean,27.200000000000003,2015-28
74,2015,33,T_min,24.475,2015-28
75,2015,35,T_max,32.67999999999999,2015-28
76,2015,35,T_mean,28.440000000000005,2015-31
77,2015,35,T_min,24.36,2015-31
78,2015,36,T_max,32.357142857142854,2015-32
79,2015,36,T_mean,27.571428571428573,2015-32
80,2015,36,T_min,24.50714285714286,2015-32
81,2015,37,T_max,32.56428571428572,2015-32
82,2015,37,T_mean,27.457142857142856,2015-32
83,2015,37,T_min,24.057142857142857,2015-32
84,2015,38,T_max,33.385714285714286,2015-33
85,2015,38,T_mean,28.5,2015-33
86,2015,38,T_min,25.242857142857144,2015-35
87,2015,39,T_max,31.74285714285714,2015-35
88,2015,39,T_mean,27.185714285714287,2015-35
89,2015,39,T_min,24.185714285714287,2015-35
90,2015,40,T_max,32.9,2015-35
91,2015,40,T_mean,27.85,2015-36
92,2015,40,T_min,23.95,2015-36
93,2015,41,T_max,30.50833333333333,2015-36
94,2015,41,T_mean,27.450000000000003,2015-36
95,2015,41,T_min,23.091666666666665,2015-36
96,2015,42,T_max,31.5,2015-36
97,2015,42,T_mean,27.933333333333337,2015-36
98,2015,42,T_min,25.55,2015-37
99,2015,45,T_max,33.3,2015-37
100,2015,45,T_mean,27.4,2015-37
101,2015,45,T_min,22.799999999999997,2015-37
102,2015,46,T_max,33.599999999999994,2015-37
103,2015,46,T_mean,28.366666666666664,2015-37
104,2015,46,T_min,23.2,2015-37
105,2015,47,T_max,32.925000000000004,2015-38
106,2015,47,T_mean,27.650000000000002,2015-38
107,2015,47,T_min,23.399999999999995,2015-38
108,2015,48,T_max,32.13333333333333,2015-38
109,2015,48,T_mean,27.599999999999998,2015-38
110,2015,48,T_min,23.333333333333332,2015-38
111,2015,49,T_max,32.95,2015-38
112,2015,49,T_mean,28.25,2015-39
113,2015,49,T_min,23.95,2015-39
114,2015,50,T_max,27.475,2015-39
115,2015,50,T_mean,24.8,2015-39
116,2015,50,T_min,22.291666666666664,2015-39
117,2015,51,T_max,32.8,2015-39
118,2015,51,T_mean,27.25,2015-39
119,2015,51,T_min,22.475,2015-40
120,2015,52,T_max,29.1,2015-40
121,2015,52,T_mean,25.9,2015-41
122,2015,52,T_min,21.8,2015-41
123,2016,0,T_max,28.8,2016-41
124,2016,0,T_mean,25.9,2016-41
125,2016,0,T_min,23.0,2016-41
126,2016,1,T_max,30.9,2016-41
127,2016,1,T_mean,26.700000000000003,2016-42
128,2016,1,T_min,20.6,2016-42
129,2016,2,T_max,31.9,2016-42
130,2016,2,T_mean,26.9,2016-45
131,2016,2,T_min,22.3,2016-45
132,2016,3,T_max,30.6,2016-46
133,2016,3,T_mean,27.1,2016-46
134,2016,3,T_min,23.3,2016-46
135,2016,5,T_max,30.15,2016-47
136,2016,5,T_mean,24.9,2016-47
137,2016,5,T_min,22.1,2016-47
138,2016,6,T_max,30.5,2016-47
139,2016,6,T_mean,25.7,2016-47
140,2016,6,T_min,20.225,2016-47
141,2016,7,T_max,32.3,2016-48
142,2016,7,T_mean,27.7,2016-48
143,2016,7,T_min,21.1,2016-48
144,2016,8,T_max,31.28333333333333,2016-49
145,2016,8,T_mean,26.8,2016-49
146,2016,8,T_min,22.05,2016-50
147,2016,9,T_max,31.15,2016-50
148,2016,9,T_mean,27.3,2016-50
149,2016,9,T_min,23.799999999999997,2016-50
150,2016,11,T_max,33.0,2016-51
151,2016,11,T_mean,28.9,2016-51
152,2016,11,T_min,23.7,2016-52
153,2016,13,T_max,33.55,2016-00
154,2016,13,T_mean,28.366666666666664,2016-01
155,2016,13,T_min,23.59166666666667,2016-01
156,2016,14,T_max,34.199999999999996,2016-02
157,2016,14,T_mean,29.46666666666667,2016-03
158,2016,14,T_min,24.349999999999998,2016-05
159,2016,15,T_max,36.175,2016-05
160,2016,15,T_mean,30.775,2016-06
161,2016,15,T_min,26.275,2016-06
162,2016,16,T_max,35.7,2016-07
163,2016,16,T_mean,30.4,2016-08
164,2016,16,T_min,25.76,2016-08
165,2016,17,T_max,35.575,2016-08
166,2016,17,T_mean,30.475,2016-09
167,2016,17,T_min,25.549999999999997,2016-09
168,2016,18,T_max,36.3,2016-09
169,2016,18,T_mean,31.15,2016-09
170,2016,18,T_min,26.0,2016-11
171,2016,19,T_max,33.75,2016-13
172,2016,19,T_mean,30.25,2016-13
173,2016,19,T_min,26.25,2016-13
174,2016,20,T_max,33.739999999999995,2016-13
175,2016,20,T_mean,29.22,2016-13
176,2016,20,T_min,25.199999999999996,2016-13
177,2016,21,T_max,33.97142857142857,2016-14
178,2016,21,T_mean,29.400000000000002,2016-14
179,2016,21,T_min,25.47857142857143,2016-14
180,2016,22,T_max,33.583333333333336,2016-15
181,2016,22,T_mean,28.96666666666667,2016-15
182,2016,22,T_min,25.325,2016-15
183,2016,23,T_max,33.18333333333334,2016-15
184,2016,23,T_mean,28.716666666666665,2016-16
185,2016,23,T_min,25.599999999999998,2016-17
186,2016,24,T_max,34.18571428571429,2016-17
187,2016,24,T_mean,29.64285714285714,2016-17
188,2016,24,T_min,25.27857142857143,2016-17
189,2016,25,T_max,33.71428571428571,2016-18
190,2016,25,T_mean,28.657142857142855,2016-18
191,2016,25,T_min,25.707142857142856,2016-19
192,2016,26,T_max,33.26666666666667,2016-19
193,2016,26,T_mean,28.366666666666664,2016-20
194,2016,26,T_min,24.916666666666668,2016-20
195,2016,27,T_max,29.975,2016-20
196,2016,27,T_mean,26.425,2016-20
197,2016,27,T_min,24.025,2016-20
198,2016,28,T_max,33.15,2016-21
199,2016,28,T_mean,28.400000000000002,2016-21
200,2016,28,T_min,24.657142857142862,2016-21
201,2016,29,T_max,33.583333333333336,2016-21
202,2016,29,T_mean,28.283333333333335,2016-21
203,2016,29,T_min,24.349999999999998,2016-21
204,2016,30,T_max,34.5,2016-21
205,2016,30,T_mean,29.25,2016-22
206,2016,30,T_min,25.15,2016-22
207,2016,31,T_max,32.5,2016-22
208,2016,31,T_mean,28.333333333333332,2016-22
209,2016,31,T_min,24.775000000000002,2016-22
210,2016,32,T_max,27.964285714285715,2016-22
211,2016,32,T_mean,26.4,2016-23
212,2016,32,T_min,24.45714285714286,2016-23
213,2016,33,T_max,31.38571428571429,2016-23
214,2016,33,T_mean,28.185714285714283,2016-23
215,2016,33,T_min,25.771428571428572,2016-23
216,2016,34,T_max,31.314285714285717,2016-23
217,2016,34,T_mean,28.128571428571426,2016-24
218,2016,34,T_min,25.9,2016-24
219,2016,35,T_max,31.099999999999998,2016-24
220,2016,35,T_mean,28.125,2016-24
221,2016,35,T_min,25.849999999999998,2016-24
222,2016,36,T_max,32.91428571428571,2016-24
223,2016,36,T_mean,28.61428571428571,2016-24
224,2016,36,T_min,24.800000000000004,2016-25
225,2016,37,T_max,31.900000000000002,2016-25
226,2016,37,T_mean,28.400000000000002,2016-25
227,2016,37,T_min,25.12857142857143,2016-25
228,2016,38,T_max,31.385714285714283,2016-25
229,2016,38,T_mean,27.271428571428572,2016-25
230,2016,38,T_min,24.52857142857143,2016-25
231,2016,39,T_max,30.066666666666666,2016-26
232,2016,39,T_mean,27.28333333333333,2016-26
233,2016,39,T_min,24.349999999999998,2016-26
234,2016,40,T_max,31.433333333333334,2016-26
235,2016,40,T_mean,27.833333333333332,2016-26
236,2016,40,T_min,25.183333333333334,2016-26
237,2016,41,T_max,30.800000000000004,2016-27
238,2016,41,T_mean,27.1,2016-27
239,2016,41,T_min,24.092857142857138,2016-27
240,2016,42,T_max,32.45714285714286,2016-27
241,2016,42,T_mean,28.928571428571427,2016-28
242,2016,42,T_min,25.349999999999998,2016-28
243,2016,43,T_max,32.91428571428572,2016-28
244,2016,43,T_mean,28.428571428571427,2016-28
245,2016,43,T_min,24.442857142857143,2016-28
246,2016,44,T_max,31.08571428571429,2016-28
247,2016,44,T_mean,27.071428571428573,2016-28
248,2016,44,T_min,24.04285714285714,2016-29
249,2016,45,T_max,32.040000000000006,2016-29
250,2016,45,T_mean,27.28,2016-29
251,2016,45,T_min,23.439999999999998,2016-29
252,2016,46,T_max,32.128571428571426,2016-29
253,2016,46,T_mean,27.814285714285713,2016-29
254,2016,46,T_min,24.440476190476193,2016-30
255,2016,47,T_max,33.8,2016-30
256,2016,47,T_mean,27.5,2016-31
257,2016,47,T_min,22.866666666666667,2016-31
258,2016,48,T_max,32.11666666666667,2016-31
259,2016,48,T_mean,27.366666666666664,2016-31
260,2016,48,T_min,23.325,2016-31
261,2016,49,T_max,31.514285714285716,2016-31
262,2016,49,T_mean,27.585714285714285,2016-32
263,2016,49,T_min,24.32857142857143,2016-32
264,2016,50,T_max,28.685714285714287,2016-32
265,2016,50,T_mean,26.071428571428573,2016-32
266,2016,50,T_min,23.764285714285716,2016-32
267,2016,51,T_max,32.0,2016-32
268,2016,51,T_mean,27.3,2016-32
269,2016,51,T_min,24.1,2016-33
270,2016,52,T_max,32.987500000000004,2016-33
271,2016,52,T_mean,27.549999999999997,2016-33
272,2016,52,T_min,24.724999999999998,2016-33
273,2017,0,T_max,31.0,2017-33
274,2017,0,T_mean,26.3,2017-33
275,2017,0,T_min,23.466666666666665,2017-33
276,2017,1,T_max,31.03333333333333,2017-34
277,2017,1,T_mean,26.099999999999998,2017-34
278,2017,1,T_min,20.75,2017-34
279,2017,2,T_max,30.366666666666664,2017-34
280,2017,2,T_mean,26.100000000000005,2017-34
281,2017,2,T_min,22.45,2017-34
282,2017,3,T_max,30.0,2017-34
283,2017,3,T_mean,25.4,2017-35
284,2017,3,T_min,22.3,2017-35
285,2017,4,T_max,29.0,2017-35
286,2017,4,T_mean,25.15,2017-35
287,2017,4,T_min,21.225,2017-36
288,2017,5,T_max,29.879999999999995,2017-36
289,2017,5,T_mean,26.119999999999997,2017-36
290,2017,5,T_min,22.82,2017-36
291,2017,8,T_max,33.2,2017-36
292,2017,8,T_mean,27.9,2017-36
293,2017,8,T_min,22.6,2017-36
294,2017,9,T_max,31.02857142857143,2017-37
295,2017,9,T_mean,26.74285714285714,2017-37
296,2017,9,T_min,22.514285714285712,2017-37
297,2017,10,T_max,32.6,2017-37
298,2017,10,T_mean,26.7,2017-37
299,2017,10,T_min,21.0,2017-37
300,2017,11,T_max,32.1,2017-37
301,2017,11,T_mean,28.2,2017-38
302,2017,11,T_min,23.0,2017-38
303,2017,12,T_max,34.8,2017-38
304,2017,12,T_mean,29.799999999999997,2017-38
305,2017,12,T_min,24.5,2017-38
306,2017,14,T_max,31.2,2017-38
307,2017,14,T_mean,26.3,2017-38
308,2017,14,T_min,20.4,2017-39
309,2017,15,T_max,33.5,2017-39
310,2017,15,T_mean,27.6,2017-39
311,2017,15,T_min,25.0,2017-39
312,2017,16,T_max,34.63333333333333,2017-39
313,2017,16,T_mean,30.133333333333336,2017-39
314,2017,16,T_min,24.833333333333332,2017-40
315,2017,17,T_max,35.5,2017-40
316,2017,17,T_mean,30.3,2017-40
317,2017,17,T_min,25.12,2017-41
318,2017,18,T_max,34.25,2017-41
319,2017,18,T_mean,29.45,2017-41
320,2017,18,T_min,24.75,2017-41
321,2017,19,T_max,35.650000000000006,2017-41
322,2017,19,T_mean,30.95,2017-41
323,2017,19,T_min,26.1,2017-41
324,2017,20,T_max,34.93,2017-42
325,2017,20,T_mean,29.82,2017-42
326,2017,20,T_min,26.110000000000003,2017-42
327,2017,21,T_max,33.214285714285715,2017-42
328,2017,21,T_mean,29.185714285714287,2017-42
329,2017,21,T_min,26.099999999999998,2017-42
330,2017,22,T_max,34.24285714285714,2017-42
331,2017,22,T_mean,29.78571428571429,2017-43
332,2017,22,T_min,25.89285714285714,2017-43
333,2017,23,T_max,33.48571428571429,2017-43
334,2017,23,T_mean,28.557142857142857,2017-43
335,2017,23,T_min,25.478571428571428,2017-43
336,2017,24,T_max,35.3,2017-43
337,2017,24,T_mean,30.6,2017-43
338,2017,24,T_min,25.2,2017-44
339,2017,25,T_max,34.5,2017-44
340,2017,25,T_mean,28.8,2017-44
341,2017,25,T_min,25.0,2017-44
342,2017,26,T_max,33.333333333333336,2017-44
343,2017,26,T_mean,27.566666666666663,2017-44
344,2017,26,T_min,23.816666666666666,2017-44
345,2017,27,T_max,32.75714285714286,2017-45
346,2017,27,T_mean,28.014285714285712,2017-45
347,2017,27,T_min,24.614285714285717,2017-45
348,2017,28,T_max,32.642857142857146,2017-45
349,2017,28,T_mean,28.014285714285712,2017-45
350,2017,28,T_min,24.964285714285715,2017-46
351,2017,29,T_max,32.166666666666664,2017-46
352,2017,29,T_mean,27.933333333333334,2017-46
353,2017,29,T_min,24.58611111111111,2017-46
354,2017,30,T_max,30.685714285714287,2017-46
355,2017,30,T_mean,27.657142857142862,2017-46
356,2017,30,T_min,24.91428571428571,2017-46
357,2017,31,T_max,31.514285714285712,2017-47
358,2017,31,T_mean,28.571428571428577,2017-48
359,2017,31,T_min,26.0,2017-48
360,2017,32,T_max,33.375,2017-48
361,2017,32,T_mean,29.15,2017-48
362,2017,32,T_min,25.799999999999997,2017-48
363,2017,34,T_max,31.114285714285717,2017-48
364,2017,34,T_mean,27.157142857142855,2017-49
365,2017,34,T_min,24.00952380952381,2017-49
366,2017,35,T_max,32.06428571428571,2017-49
367,2017,35,T_mean,28.41428571428571,2017-49
368,2017,35,T_min,23.819047619047616,2017-49
369,2017,36,T_max,31.933333333333337,2017-49
370,2017,36,T_mean,27.799999999999997,2017-49
371,2017,36,T_min,24.53333333333333,2017-50
372,2017,37,T_max,33.650000000000006,2017-50
373,2017,37,T_mean,29.099999999999998,2017-50
374,2017,37,T_min,26.0875,2017-50
375,2017,38,T_max,32.31428571428572,2017-50
376,2017,38,T_mean,27.699999999999996,2017-50
377,2017,38,T_min,24.22142857142857,2017-50
378,2017,39,T_max,31.171428571428574,2017-51
379,2017,39,T_mean,27.728571428571424,2017-51
380,2017,39,T_min,24.37142857142857,2017-52
381,2017,40,T_max,31.085714285714285,2017-52
382,2017,40,T_mean,27.685714285714287,2017-52
383,2017,40,T_min,24.13571428571429,2017-52
384,2017,41,T_max,30.671428571428574,2017-00
385,2017,41,T_mean,27.314285714285713,2017-01
386,2017,41,T_min,24.62857142857143,2017-01
387,2017,42,T_max,32.3,2017-01
388,2017,42,T_mean,28.266666666666666,2017-02
389,2017,42,T_min,25.075,2017-02
390,2017,43,T_max,31.439999999999998,2017-02
391,2017,43,T_mean,28.0,2017-03
392,2017,43,T_min,24.35333333333333,2017-04
393,2017,44,T_max,29.071428571428573,2017-04
394,2017,44,T_mean,26.25714285714286,2017-04
395,2017,44,T_min,23.935714285714287,2017-04
396,2017,45,T_max,34.4,2017-05
397,2017,45,T_mean,28.5,2017-05
398,2017,45,T_min,24.6,2017-05
399,2017,46,T_max,32.23333333333333,2017-05
400,2017,46,T_mean,27.599999999999998,2017-05
401,2017,46,T_min,24.45,2017-08
402,2017,47,T_max,32.57142857142857,2017-09
403,2017,47,T_mean,27.514285714285712,2017-09
404,2017,47,T_min,23.421428571428574,2017-09
405,2017,48,T_max,32.4,2017-09
406,2017,48,T_mean,27.842857142857145,2017-09
407,2017,48,T_min,23.964285714285715,2017-09
408,2017,49,T_max,31.21428571428572,2017-09
409,2017,49,T_mean,27.228571428571428,2017-10
410,2017,49,T_min,24.378571428571433,2017-11
411,2017,50,T_max,29.660000000000004,2017-12
412,2017,50,T_mean,26.54,2017-12
413,2017,50,T_min,23.336666666666666,2017-14
414,2017,51,T_max,29.97142857142857,2017-15
415,2017,51,T_mean,26.300000000000004,2017-16
416,2017,51,T_min,23.621428571428567,2017-16
417,2017,52,T_max,29.919999999999998,2017-16
418,2017,52,T_mean,26.120000000000005,2017-17
419,2017,52,T_min,23.144,2017-18
420,2018,1,T_max,32.3,2018-18
421,2018,1,T_mean,27.1,2018-19
422,2018,1,T_min,23.4,2018-19
423,2018,2,T_max,29.6,2018-20
424,2018,2,T_mean,25.95,2018-20
425,2018,2,T_min,21.75,2018-20
426,2018,3,T_max,31.15,2018-20
427,2018,3,T_mean,26.35,2018-20
428,2018,3,T_min,22.6,2018-21
429,2018,4,T_max,29.48,2018-21
430,2018,4,T_mean,25.979999999999997,2018-21
431,2018,4,T_min,22.380000000000003,2018-21
432,2018,5,T_max,30.35,2018-21
433,2018,5,T_mean,25.950000000000003,2018-21
434,2018,5,T_min,22.299999999999997,2018-21
435,2018,6,T_max,29.266666666666666,2018-22
436,2018,6,T_mean,25.600000000000005,2018-22
437,2018,6,T_min,20.55,2018-22
438,2018,7,T_max,32.0875,2018-22
439,2018,7,T_mean,27.9,2018-22
440,2018,7,T_min,23.575,2018-22
441,2018,8,T_max,33.31666666666666,2018-22
442,2018,8,T_mean,28.53333333333333,2018-23
443,2018,8,T_min,22.166666666666668,2018-23
444,2018,9,T_max,32.7,2018-23
445,2018,9,T_mean,28.85,2018-23
446,2018,9,T_min,24.05,2018-23
447,2018,12,T_max,33.2,2018-23
448,2018,12,T_mean,27.5,2018-23
449,2018,12,T_min,24.0,2018-24
450,2018,14,T_max,31.433333333333326,2018-24
451,2018,14,T_mean,27.3,2018-25
452,2018,14,T_min,23.041666666666668,2018-26
453,2018,15,T_max,34.6,2018-26
454,2018,15,T_mean,29.95,2018-26
455,2018,15,T_min,24.6,2018-27
456,2018,16,T_max,34.45,2018-27
457,2018,16,T_mean,28.950000000000003,2018-27
458,2018,16,T_min,23.4,2018-27
459,2018,17,T_max,35.4,2018-27
460,2018,17,T_mean,30.7,2018-27
461,2018,17,T_min,24.4,2018-27
462,2018,19,T_max,34.3,2018-28
463,2018,19,T_mean,29.1,2018-28
464,2018,19,T_min,24.416666666666668,2018-28
465,2018,20,T_max,34.339999999999996,2018-28
466,2018,20,T_mean,30.1,2018-28
467,2018,20,T_min,25.21,2018-28
468,2018,21,T_max,34.239999999999995,2018-28
469,2018,21,T_mean,29.2,2018-29
470,2018,21,T_min,24.57,2018-29
471,2018,22,T_max,34.4,2018-29
472,2018,22,T_mean,29.900000000000002,2018-29
473,2018,22,T_min,25.633333333333336,2018-29
474,2018,23,T_max,30.771428571428572,2018-29
475,2018,23,T_mean,27.64285714285714,2018-30
476,2018,23,T_min,24.85,2018-30
477,2018,24,T_max,29.400000000000002,2018-30
478,2018,24,T_mean,26.85714285714286,2018-30
479,2018,24,T_min,24.32857142857143,2018-30
480,2018,25,T_max,32.75,2018-30
481,2018,25,T_mean,29.6,2018-30
482,2018,25,T_min,25.5,2018-31
483,2018,26,T_max,31.725,2018-31
484,2018,26,T_mean,28.775000000000002,2018-31
485,2018,26,T_min,25.4,2018-31
486,2018,27,T_max,32.01428571428572,2018-31
487,2018,27,T_mean,28.37142857142857,2018-31
488,2018,27,T_min,25.264285714285716,2018-31
489,2018,28,T_max,30.585714285714285,2018-32
490,2018,28,T_mean,27.400000000000002,2018-32
491,2018,28,T_min,24.385714285714283,2018-32
492,2018,29,T_max,28.32857142857143,2018-32
493,2018,29,T_mean,26.41428571428571,2018-34
494,2018,29,T_min,24.3,2018-34
495,2018,30,T_max,29.87142857142857,2018-34
496,2018,30,T_mean,27.142857142857142,2018-34
497,2018,30,T_min,24.77857142857143,2018-34
498,2018,31,T_max,31.071428571428573,2018-34
499,2018,31,T_mean,27.957142857142856,2018-34
500,2018,31,T_min,25.33571428571429,2018-35
501,2018,32,T_max,29.785714285714285,2018-35
502,2018,32,T_mean,27.21428571428571,2018-35
503,2018,32,T_min,24.964285714285715,2018-35
504,2018,33,T_max,30.114285714285717,2018-35
505,2018,33,T_mean,27.61428571428571,2018-35
506,2018,33,T_min,25.571428571428577,2018-35
507,2018,34,T_max,30.157142857142862,2018-36
508,2018,34,T_mean,28.014285714285716,2018-36
509,2018,34,T_min,25.735714285714288,2018-36
510,2018,35,T_max,32.1,2018-37
511,2018,35,T_mean,28.15,2018-37
512,2018,35,T_min,24.825,2018-37
513,2018,36,T_max,30.914285714285715,2018-37
514,2018,36,T_mean,27.38571428571429,2018-38
515,2018,36,T_min,24.107142857142858,2018-38
516,2018,37,T_max,30.75714285714286,2018-38
517,2018,37,T_mean,27.114285714285717,2018-38
518,2018,37,T_min,23.782142857142855,2018-38
519,2018,39,T_max,32.25,2018-38
520,2018,39,T_mean,28.5,2018-38
521,2018,39,T_min,24.875,2018-39
522,2018,41,T_max,31.7,2018-39
523,2018,41,T_mean,27.4,2018-39
524,2018,41,T_min,23.866666666666667,2018-39
525,2018,42,T_max,32.49999999999999,2018-39
526,2018,42,T_mean,27.728571428571428,2018-39
527,2018,42,T_min,23.39047619047619,2018-39
528,2018,43,T_max,34.2,2018-40
529,2018,43,T_mean,28.2,2018-40
530,2018,43,T_min,23.7,2018-40
531,2018,44,T_max,31.874999999999996,2018-40
532,2018,44,T_mean,28.199999999999996,2018-40
533,2018,44,T_min,24.700000000000003,2018-40
534,2018,45,T_max,31.919999999999998,2018-40
535,2018,45,T_mean,27.52,2018-41
536,2018,45,T_min,24.05,2018-41
537,2018,46,T_max,31.7,2018-41
538,2018,46,T_mean,27.3,2018-41
539,2018,46,T_min,23.35,2018-41
540,2018,47,T_max,32.2,2018-41
541,2018,47,T_mean,27.7,2018-41
542,2018,47,T_min,23.3,2018-42
543,2018,48,T_max,31.666666666666668,2018-42
544,2018,48,T_mean,27.066666666666663,2018-42
545,2018,48,T_min,22.78333333333333,2018-42
546,2018,49,T_max,32.67142857142857,2018-42
547,2018,49,T_mean,27.585714285714285,2018-42
548,2018,49,T_min,22.692857142857143,2018-43
549,2018,50,T_max,32.175,2018-43
550,2018,50,T_mean,26.075,2018-43
551,2018,50,T_min,22.83125,2018-43
552,2018,51,T_max,30.2,2018-43
553,2018,51,T_mean,26.139999999999997,2018-44
554,2018,51,T_min,22.46,2018-44
555,2018,52,T_max,28.74285714285714,2018-44
556,2018,52,T_mean,25.442857142857147,2018-44
557,2018,52,T_min,23.057142857142857,2018-44
558,2018,53,T_max,26.4,2018-44
559,2018,53,T_mean,24.5,2018-44
560,2018,53,T_min,22.0,2018-45
561,2019,0,T_max,30.849999999999998,2019-46
562,2019,0,T_mean,26.6,2019-46
563,2019,0,T_min,22.737499999999997,2019-46
564,2019,4,T_max,28.833333333333332,2019-47
565,2019,4,T_mean,25.5,2019-47
566,2019,4,T_min,20.8,2019-47
567,2019,5,T_max,31.65,2019-47
568,2019,5,T_mean,25.95,2019-47
569,2019,5,T_min,20.1,2019-47
570,2019,8,T_max,32.2,2019-47
571,2019,8,T_mean,26.4,2019-48
572,2019,8,T_min,20.55,2019-48
573,2019,14,T_max,35.9,2019-48
574,2019,14,T_mean,31.1,2019-48
575,2019,14,T_min,26.0,2019-48
576,2019,18,T_max,32.74166666666667,2019-48
577,2019,18,T_mean,28.700000000000003,2019-48
578,2019,18,T_min,24.950000000000003,2019-49
579,2019,19,T_max,34.65,2019-49
580,2019,19,T_mean,30.76666666666667,2019-49
581,2019,19,T_min,26.633333333333336,2019-49
582,2019,20,T_max,33.41428571428572,2019-49
583,2019,20,T_mean,28.7,2019-49
584,2019,20,T_min,25.035714285714285,2019-49
585,2019,21,T_max,34.3,2019-50
586,2019,21,T_mean,29.119999999999997,2019-50
587,2019,21,T_min,24.759999999999998,2019-50
588,2019,22,T_max,35.225,2019-50
589,2019,22,T_mean,30.925000000000004,2019-50
590,2019,22,T_min,26.383333333333333,2019-51
591,2019,23,T_max,33.2,2019-51
592,2019,23,T_mean,29.3,2019-51
593,2019,23,T_min,25.8,2019-51
594,2019,24,T_max,35.8,2019-51
595,2019,24,T_mean,30.9,2019-51
596,2019,24,T_min,26.825,2019-51
597,2019,25,T_max,29.6,2019-52
598,2019,25,T_mean,26.25,2019-52
599,2019,25,T_min,25.4,2019-52
600,2019,26,T_max,31.25,2019-52
601,2019,26,T_mean,28.400000000000002,2019-52
602,2019,26,T_min,25.125,2019-01
603,2019,27,T_max,33.483333333333334,2019-02
604,2019,27,T_mean,29.05,2019-02
605,2019,27,T_min,25.383333333333336,2019-03
606,2019,28,T_max,31.24285714285714,2019-03
607,2019,28,T_mean,27.957142857142856,2019-04
608,2019,28,T_min,25.33571428571429,2019-04
609,2019,29,T_max,31.642857142857146,2019-04
610,2019,29,T_mean,27.642857142857142,2019-04
611,2019,29,T_min,24.885714285714283,2019-04
612,2019,30,T_max,30.48571428571429,2019-05
613,2019,30,T_mean,26.714285714285715,2019-05
614,2019,30,T_min,24.47142857142857,2019-05
615,2019,31,T_max,30.02857142857143,2019-05
616,2019,31,T_mean,27.742857142857144,2019-06
617,2019,31,T_min,25.907142857142855,2019-06
618,2019,32,T_max,31.541666666666668,2019-06
619,2019,32,T_mean,29.066666666666666,2019-07
620,2019,32,T_min,27.075000000000003,2019-07
621,2019,33,T_max,30.55714285714286,2019-07
622,2019,33,T_mean,27.314285714285713,2019-07
623,2019,33,T_min,25.17142857142857,2019-08
624,2019,34,T_max,31.25,2019-08
625,2019,34,T_mean,27.17142857142857,2019-08
626,2019,34,T_min,24.721428571428568,2019-09
627,2019,35,T_max,31.24285714285714,2019-09
628,2019,35,T_mean,28.357142857142858,2019-12
629,2019,35,T_min,25.50952380952381,2019-14
630,2019,36,T_max,29.642857142857142,2019-14
631,2019,36,T_mean,26.714285714285715,2019-14
632,2019,36,T_min,24.226190476190478,2019-14
633,2019,37,T_max,29.707142857142856,2019-14
634,2019,37,T_mean,26.728571428571428,2019-14
635,2019,37,T_min,24.314285714285717,2019-15
636,2019,38,T_max,32.46666666666667,2019-15
637,2019,38,T_mean,28.600000000000005,2019-16
638,2019,38,T_min,24.533333333333335,2019-16
639,2019,39,T_max,32.199999999999996,2019-17
640,2019,39,T_mean,27.62857142857143,2019-19
641,2019,39,T_min,24.092857142857145,2019-19
642,2019,40,T_max,32.800000000000004,2019-19
643,2019,40,T_mean,28.766666666666666,2019-19
644,2019,40,T_min,23.96666666666667,2019-20
645,2019,41,T_max,32.6,2019-20
646,2019,41,T_mean,28.166666666666668,2019-20
647,2019,41,T_min,24.23333333333333,2019-20
648,2019,42,T_max,32.285714285714285,2019-20
649,2019,42,T_mean,28.02857142857143,2019-21
650,2019,42,T_min,23.87857142857143,2019-21
651,2019,43,T_max,31.114285714285717,2019-21
652,2019,43,T_mean,27.557142857142853,2019-21
653,2019,43,T_min,24.578571428571426,2019-21
654,2019,44,T_max,31.96,2019-22
655,2019,44,T_mean,27.9,2019-22
656,2019,44,T_min,24.419999999999998,2019-22
657,2019,45,T_max,30.96666666666667,2019-23
658,2019,45,T_mean,27.2,2019-23
659,2019,45,T_min,23.8,2019-23
660,2019,46,T_max,30.866666666666664,2019-23
661,2019,46,T_mean,27.0,2019-23
662,2019,46,T_min,23.71666666666667,2019-23
663,2019,47,T_max,31.46,2019-23
664,2019,47,T_mean,27.079999999999995,2019-24
665,2019,47,T_min,23.669999999999998,2019-24
666,2019,48,T_max,31.625,2019-24
667,2019,48,T_mean,27.175,2019-24
668,2019,48,T_min,23.7875,2019-24
669,2019,49,T_max,31.5,2019-24
670,2019,49,T_mean,27.1,2019-24
671,2019,49,T_min,23.0,2019-25
672,2019,50,T_max,33.0,2019-25
673,2019,50,T_mean,26.7,2019-26
674,2019,50,T_min,21.950000000000003,2019-26
675,2019,51,T_max,32.8,2019-26
676,2019,51,T_mean,26.0,2019-26
677,2019,51,T_min,21.8,2019-27
678,2020,0,T_max,30.633333333333336,2020-27
679,2020,0,T_mean,26.399999999999995,2020-27
680,2020,0,T_min,22.8,2020-27
681,2020,1,T_max,30.9,2020-27
682,2020,1,T_mean,27.4,2020-27
683,2020,1,T_min,22.0,2020-27
684,2020,2,T_max,30.600000000000005,2020-28
685,2020,2,T_mean,26.233333333333334,2020-28
686,2020,2,T_min,22.433333333333337,2020-28
687,2020,3,T_max,30.6,2020-28
688,2020,3,T_mean,26.950000000000003,2020-28
689,2020,3,T_min,22.65,2020-28
690,2020,4,T_max,31.2,2020-28
691,2020,4,T_mean,26.05,2020-29
692,2020,4,T_min,20.225,2020-29
693,2020,5,T_max,29.099999999999998,2020-29
694,2020,5,T_mean,25.099999999999998,2020-29
695,2020,5,T_min,19.25,2020-29
696,2020,7,T_max,31.6,2020-29
697,2020,7,T_mean,26.9,2020-29
698,2020,7,T_min,21.866666666666667,2020-30
699,2020,8,T_max,31.8,2020-30
700,2020,8,T_mean,27.3,2020-30
701,2020,8,T_min,22.4,2020-30
702,2020,9,T_max,32.2,2020-30
703,2020,9,T_mean,27.5,2020-30
704,2020,9,T_min,21.5,2020-30
705,2020,10,T_max,33.6,2020-31
706,2020,10,T_mean,29.2,2020-31
707,2020,10,T_min,25.33333333333333,2020-31
708,2020,11,T_max,32.6,2020-31
709,2020,11,T_mean,28.35,2020-31
710,2020,11,T_min,24.0,2020-31
711,2020,13,T_max,35.0,2020-31
712,2020,13,T_mean,29.8,2020-32
713,2020,13,T_min,23.0,2020-32
714,2020,14,T_max,33.333333333333336,2020-32
715,2020,14,T_mean,29.266666666666666,2020-32
716,2020,14,T_min,25.316666666666663,2020-32
717,2020,15,T_max,33.34285714285715,2020-32
718,2020,15,T_mean,28.85714285714286,2020-32
719,2020,15,T_min,24.621428571428574,2020-33
720,2020,16,T_max,35.0,2020-33
721,2020,16,T_mean,30.9,2020-33
722,2020,16,T_min,24.6,2020-33
723,2020,17,T_max,34.13333333333333,2020-33
724,2020,17,T_mean,29.8,2020-33
725,2020,17,T_min,24.566666666666666,2020-33
726,2020,18,T_max,36.9,2020-34
727,2020,18,T_mean,30.9,2020-34
728,2020,18,T_min,25.950000000000003,2020-34
729,2020,19,T_max,33.17999999999999,2020-34
730,2020,19,T_mean,28.880000000000003,2020-34
731,2020,19,T_min,25.22,2020-34
732,2020,20,T_max,34.53333333333333,2020-34
733,2020,20,T_mean,30.566666666666663,2020-35
734,2020,20,T_min,26.53333333333333,2020-35
735,2020,21,T_max,35.6,2020-36
736,2020,21,T_mean,30.6,2020-36
737,2020,21,T_min,25.4,2020-36
738,2020,23,T_max,32.5,2020-36
739,2020,23,T_mean,28.4,2020-36
740,2020,23,T_min,25.2125,2020-36
741,2020,24,T_max,32.475,2020-36
742,2020,24,T_mean,28.725,2020-37
743,2020,24,T_min,25.24166666666667,2020-37
744,2020,25,T_max,31.8,2020-37
745,2020,25,T_mean,27.3,2020-37
746,2020,25,T_min,25.55,2020-37
747,2020,26,T_max,33.4,2020-37
748,2020,26,T_mean,28.566666666666666,2020-37
749,2020,26,T_min,25.45,2020-39
750,2020,27,T_max,33.24285714285715,2020-39
751,2020,27,T_mean,28.87142857142857,2020-39
752,2020,27,T_min,25.00714285714286,2020-39
753,2020,28,T_max,32.957142857142856,2020-41
754,2020,28,T_mean,29.157142857142855,2020-42
755,2020,28,T_min,24.728571428571428,2020-42
756,2020,29,T_max,33.38571428571428,2020-42
757,2020,29,T_mean,28.057142857142857,2020-42
758,2020,29,T_min,24.25,2020-42
759,2020,30,T_max,31.0,2020-42
760,2020,30,T_mean,27.41428571428571,2020-42
761,2020,30,T_min,24.942857142857143,2020-43
762,2020,31,T_max,31.764285714285716,2020-44
763,2020,31,T_mean,27.52857142857143,2020-44
764,2020,31,T_min,24.41428571428571,2020-44
765,2020,32,T_max,32.1,2020-44
766,2020,32,T_mean,27.557142857142853,2020-45
767,2020,32,T_min,24.342857142857145,2020-45
768,2020,33,T_max,31.214285714285715,2020-45
769,2020,33,T_mean,27.871428571428574,2020-45
770,2020,33,T_min,24.685714285714287,2020-45
771,2020,34,T_max,32.6,2020-46
772,2020,34,T_mean,29.9,2020-47
773,2020,34,T_min,26.2,2020-48
774,2020,35,T_max,33.38,2020-48
775,2020,35,T_mean,29.5,2020-48
776,2020,35,T_min,24.95,2020-49
777,2020,36,T_max,32.65714285714286,2020-49
778,2020,36,T_mean,28.14285714285714,2020-49
779,2020,36,T_min,24.7,2020-49
780,2020,37,T_max,31.814285714285713,2020-49
781,2020,37,T_mean,27.685714285714283,2020-49
782,2020,37,T_min,24.55,2020-49
783,2020,38,T_max,32.91428571428572,2020-50
784,2020,38,T_mean,28.45714285714286,2020-50
785,2020,38,T_min,24.678571428571427,2020-50
786,2020,39,T_max,32.74285714285715,2020-50
787,2020,39,T_mean,28.185714285714283,2020-51
788,2020,39,T_min,24.942857142857147,2020-51
789,2020,40,T_max,29.72857142857143,2020-51
790,2020,40,T_mean,26.95714285714286,2020-51
791,2020,40,T_min,24.52142857142857,2020-51
792,2020,41,T_max,29.621428571428567,2020-52
793,2020,41,T_mean,26.54285714285714,2020-52
794,2020,41,T_min,24.22142857142857,2020-52
795,2020,42,T_max,31.75714285714286,2020-52
796,2020,42,T_mean,27.571428571428577,2020-52
797,2020,42,T_min,25.357142857142858,2020-52
798,2020,43,T_max,31.342857142857145,2020-52
799,2020,43,T_mean,27.142857142857142,2020-53
800,2020,43,T_min,24.164285714285715,2020-00
801,2020,44,T_max,30.685714285714287,2020-00
802,2020,44,T_mean,27.157142857142855,2020-00
803,2020,44,T_min,23.74285714285714,2020-00
804,2020,45,T_max,30.37142857142857,2020-04
805,2020,45,T_mean,27.200000000000006,2020-04
806,2020,45,T_min,24.574999999999996,2020-04
807,2020,46,T_max,32.142857142857146,2020-05
808,2020,46,T_mean,27.457142857142856,2020-05
809,2020,46,T_min,23.660714285714285,2020-08
810,2020,47,T_max,31.8,2020-14
811,2020,47,T_mean,26.4,2020-18
812,2020,47,T_min,22.525,2020-18
813,2020,48,T_max,31.3,2020-18
814,2020,48,T_mean,27.85,2020-18
815,2020,48,T_min,25.299999999999997,2020-18
816,2020,49,T_max,30.171428571428574,2020-18
817,2020,49,T_mean,26.814285714285713,2020-19
818,2020,49,T_min,24.064285714285713,2020-19
819,2020,50,T_max,29.985714285714288,2020-19
820,2020,50,T_mean,26.628571428571433,2020-20
821,2020,50,T_min,23.47142857142857,2020-20
822,2020,51,T_max,30.1,2020-20
823,2020,51,T_mean,26.799999999999997,2020-20
824,2020,51,T_min,23.8,2020-20
825,2021,0,T_max,28.533333333333335,2021-20
826,2021,0,T_mean,25.599999999999998,2021-20
827,2021,0,T_min,23.233333333333334,2021-21
828,2021,1,T_max,30.142857142857146,2021-21
829,2021,1,T_mean,26.12142857142857,2021-21
830,2021,1,T_min,22.771428571428572,2021-21
831,2021,2,T_max,29.285714285714285,2021-21
832,2021,2,T_mean,25.671428571428574,2021-22
833,2021,2,T_min,22.48571428571429,2021-22
834,2021,3,T_max,29.771428571428572,2021-22
835,2021,3,T_mean,26.17142857142857,2021-22
836,2021,3,T_min,23.814285714285713,2021-23
837,2021,4,T_max,29.54285714285714,2021-23
838,2021,4,T_mean,25.54285714285714,2021-23
839,2021,4,T_min,22.485714285714288,2021-24
840,2021,5,T_max,30.41428571428571,2021-24
841,2021,5,T_mean,25.78571428571429,2021-25
842,2021,5,T_min,22.17142857142857,2021-25
843,2021,6,T_max,29.514285714285716,2021-26
844,2021,6,T_mean,25.942857142857143,2021-26
845,2021,6,T_min,23.342857142857145,2021-26
846,2021,7,T_max,28.78571428571429,2021-26
847,2021,7,T_mean,25.1,2021-27
848,2021,7,T_min,21.771428571428572,2021-27
849,2021,8,T_max,31.557142857142857,2021-27
850,2021,8,T_mean,26.814285714285713,2021-27
851,2021,8,T_min,23.22857142857143,2021-27
852,2021,9,T_max,31.55714285714286,2021-27
853,2021,9,T_mean,27.278571428571432,2021-28
854,2021,9,T_min,23.314285714285713,2021-28
855,2021,10,T_max,31.142857142857142,2021-28
856,2021,10,T_mean,26.95,2021-28
857,2021,10,T_min,23.25714285714286,2021-28
858,2021,11,T_max,32.385714285714286,2021-28
859,2021,11,T_mean,27.66428571428571,2021-28
860,2021,11,T_min,24.342857142857138,2021-29
861,2021,12,T_max,32.31428571428571,2021-29
862,2021,12,T_mean,27.80714285714286,2021-29
863,2021,12,T_min,24.04285714285714,2021-29
864,2021,13,T_max,34.01428571428572,2021-29
865,2021,13,T_mean,28.650000000000002,2021-29
866,2021,13,T_min,23.199999999999996,2021-29
867,2021,14,T_max,32.871428571428574,2021-30
868,2021,14,T_mean,28.07857142857143,2021-30
869,2021,14,T_min,24.5,2021-30
870,2021,15,T_max,32.67142857142857,2021-30
871,2021,15,T_mean,28.25,2021-30
872,2021,15,T_min,24.21428571428571,2021-30
873,2021,16,T_max,32.44285714285714,2021-30
874,2021,16,T_mean,28.599999999999998,2021-31
875,2021,16,T_min,25.285714285714285,2021-31
876,2021,17,T_max,32.714285714285715,2021-31
877,2021,17,T_mean,28.25,2021-31
878,2021,17,T_min,24.514285714285716,2021-31
879,2021,18,T_max,34.785714285714285,2021-31
880,2021,18,T_mean,29.635714285714283,2021-31
881,2021,18,T_min,25.085714285714285,2021-32
882,2021,19,T_max,35.41428571428572,2021-32
883,2021,19,T_mean,30.150000000000002,2021-32
884,2021,19,T_min,26.485714285714284,2021-32
885,2021,20,T_max,35.31428571428571,2021-32
886,2021,20,T_mean,29.857142857142858,2021-32
887,2021,20,T_min,26.17142857142857,2021-33
888,2021,21,T_max,34.91428571428572,2021-33
889,2021,21,T_mean,29.75,2021-33
890,2021,21,T_min,25.942857142857143,2021-33
891,2021,22,T_max,32.08571428571429,2021-33
892,2021,22,T_mean,29.2,2021-33
893,2021,22,T_min,26.671428571428574,2021-33
894,2021,23,T_max,31.82857142857143,2021-34
895,2021,23,T_mean,27.557142857142857,2021-34
896,2021,23,T_min,25.314285714285713,2021-34
897,2021,24,T_max,33.28571428571429,2021-34
898,2021,24,T_mean,29.214285714285715,2021-34
899,2021,24,T_min,26.485714285714288,2021-34
900,2021,25,T_max,31.97142857142858,2021-34
901,2021,25,T_mean,28.042857142857144,2021-35
902,2021,25,T_min,25.3,2021-35
903,2021,26,T_max,32.67142857142857,2021-35
904,2021,26,T_mean,28.235714285714284,2021-35
905,2021,26,T_min,25.24285714285714,2021-35
906,2021,27,T_max,31.82857142857143,2021-35
907,2021,27,T_mean,28.392857142857142,2021-35
908,2021,27,T_min,25.314285714285713,2021-36
909,2021,28,T_max,31.900000000000002,2021-36
910,2021,28,T_mean,27.864285714285717,2021-36
911,2021,28,T_min,25.38571428571429,2021-36
912,2021,29,T_max,28.2,2021-36
913,2021,29,T_mean,26.57857142857143,2021-36
914,2021,29,T_min,25.32857142857143,2021-36
915,2021,30,T_max,29.97142857142857,2021-37
916,2021,30,T_mean,27.642857142857142,2021-37
917,2021,30,T_min,25.814285714285713,2021-37
918,2021,31,T_max,31.185714285714283,2021-37
919,2021,31,T_mean,28.457142857142856,2021-37
920,2021,31,T_min,26.428571428571434,2021-37
921,2021,32,T_max,31.528571428571432,2021-37
922,2021,32,T_mean,27.550000000000004,2021-38
923,2021,32,T_min,25.02857142857143,2021-38
924,2021,33,T_max,32.699999999999996,2021-38
925,2021,33,T_mean,27.571428571428577,2021-38
926,2021,33,T_min,24.585714285714285,2021-38
927,2021,34,T_max,31.028571428571432,2021-38
928,2021,34,T_mean,26.921428571428574,2021-39
929,2021,34,T_min,24.47142857142857,2021-39
930,2021,35,T_max,31.842857142857138,2021-39
931,2021,35,T_mean,27.521428571428572,2021-39
932,2021,35,T_min,24.45714285714286,2021-39
933,2021,36,T_max,29.6,2021-39
934,2021,36,T_mean,26.642857142857142,2021-39
935,2021,36,T_min,24.885714285714283,2021-40
936,2021,37,T_max,31.728571428571424,2021-40
937,2021,37,T_mean,27.478571428571428,2021-40
938,2021,37,T_min,24.700000000000006,2021-41
939,2021,38,T_max,32.4,2021-41
940,2021,38,T_mean,27.87857142857143,2021-41
941,2021,38,T_min,24.8,2021-42
942,2021,39,T_max,31.642857142857142,2021-42
943,2021,39,T_mean,27.842857142857145,2021-42
944,2021,39,T_min,25.5,2021-42
945,2021,40,T_max,31.32857142857143,2021-42
946,2021,40,T_mean,27.55,2021-42
947,2021,40,T_min,25.042857142857144,2021-42
948,2021,41,T_max,31.471428571428568,2021-43
949,2021,41,T_mean,27.464285714285715,2021-43
950,2021,41,T_min,24.957142857142856,2021-43
951,2021,42,T_max,31.457142857142856,2021-43
952,2021,42,T_mean,27.314285714285717,2021-43
953,2021,42,T_min,24.242857142857144,2021-43
954,2021,43,T_max,31.32857142857143,2021-43
955,2021,43,T_mean,27.35,2021-44
956,2021,43,T_min,23.771428571428572,2021-44
957,2021,44,T_max,33.4,2021-44
958,2021,44,T_mean,28.349999999999998,2021-44
959,2021,44,T_min,24.585714285714285,2021-44
960,2021,45,T_max,32.18571428571428,2021-45
961,2021,45,T_mean,28.085714285714282,2021-45
962,2021,45,T_min,24.5,2021-45
963,2021,46,T_max,32.07142857142857,2021-46
964,2021,46,T_mean,27.921428571428574,2021-46
965,2021,46,T_min,24.614285714285717,2021-46
966,2021,47,T_max,31.299999999999997,2021-47
967,2021,47,T_mean,27.483333333333334,2021-47
968,2021,47,T_min,24.633333333333336,2021-47
